indicativo,provincia,latitud_dd,longitud_dd,start_date,end_date,cluster
0002I,Tarragona,40.95805555555556,0.8713888888888889,2016-01-01,2021-07-06,1
0009X,Tarragona,41.21388888888889,0.9633333333333332,2016-01-01,2024-12-31,1
0016A,Tarragona,41.145,1.163611111111111,2016-01-01,2024-12-31,1
0016B,Tarragona,41.15416666666667,1.108888888888889,2016-01-01,2024-12-31,1
0034X,Tarragona,41.293055555555554,1.2608333333333333,2016-01-01,2024-12-31,1
0042Y,Tarragona,41.12388888888889,1.2491666666666668,2016-01-01,2024-12-31,1
0061X,Barcelona,41.41694444444444,1.5191666666666666,2016-01-01,2024-12-31,4
0066X,Barcelona,41.33027777777778,1.6769444444444443,2016-01-01,2024-12-31,1
0073X,Barcelona,41.24388888888889,1.8525,2016-01-01,2024-12-31,1
0076,Barcelona,41.29277777777778,2.0700000000000003,2016-01-01,2025-06-11,1
0092X,Barcelona,42.10138888888889,1.8575,2016-01-01,2024-12-31,3
0106X,Barcelona,41.86638888888889,1.8725,2016-01-01,2025-06-11,1
0114X,Barcelona,42.00694444444444,2.0266666666666664,2016-01-01,2025-06-11,1
0120X,Barcelona,41.81333333333333,2.095277777777778,2016-01-01,2025-06-11,1
0149D,Barcelona,41.72,1.840277777777778,2016-01-01,2025-04-30,1
0149X,Barcelona,41.72,1.840277777777778,2016-01-01,2025-06-11,4
0158O,Barcelona,41.59444444444445,1.8391666666666668,2016-01-01,2025-05-31,1
0158X,Barcelona,41.59444444444445,1.8391666666666668,2016-01-01,2025-06-11,1
0171X,Barcelona,41.57888888888889,1.6177777777777778,2016-09-29,2025-06-11,4
0194D,Barcelona,41.40805555555556,1.885,2016-01-01,2025-06-11,1
0200E,Barcelona,41.41833333333333,2.1241666666666665,2016-01-01,2025-06-11,1
0201D,Barcelona,41.39055555555556,2.2,2016-01-01,2025-06-11,1
0201X,Barcelona,41.375,2.1738888888888885,2016-01-01,2025-06-11,1
0222X,Barcelona,41.61277777777778,2.168333333333333,2016-01-01,2022-12-31,1
0229I,Barcelona,41.52361111111111,2.103055555555556,2016-01-01,2016-04-20,1
0244X,Barcelona,41.505,2.3625000000000003,2016-01-01,2022-12-31,1
0252D,Barcelona,41.58722222222222,2.54,2016-01-01,2022-12-31,1
0255B,Barcelona,41.65083333333333,2.6969444444444446,2016-01-01,2022-01-11,1
0260X,Barcelona,41.76,2.431111111111111,2016-01-01,2022-12-31,0
0281Y,Girona,41.676944444444445,2.805,2016-01-01,2022-12-31,1
0284X,Girona,41.80777777777777,3.0308333333333333,2016-01-01,2024-12-31,1
0294B,Girona,41.967777777777776,3.042222222222222,2016-01-01,2022-12-31,1
0312X,Girona,42.25833333333333,2.364444444444445,2016-01-01,2024-12-31,0
0320I,Girona,42.316944444444445,2.102777777777778,2016-01-01,2024-12-31,3
0321,Girona,42.22277777777778,2.167222222222222,2016-01-01,2024-12-31,3
0324A,Girona,42.19138888888889,2.196111111111111,2016-01-01,2024-12-31,1
0341,Barcelona,41.84666666666667,2.2266666666666666,2016-01-01,2024-12-31,1
0341X,Barcelona,41.846944444444446,2.2225,2016-01-01,2024-12-08,1
0349,Barcelona,41.92611111111111,2.3175,2016-01-01,2024-12-31,1
0360X,Girona,42.05277777777778,2.551111111111111,2016-01-01,2024-12-31,0
0363X,Girona,41.880833333333335,2.513333333333333,2016-07-06,2024-12-31,0
0367,Girona,41.91166666666666,2.763333333333333,2016-01-01,2024-12-31,1
0370E,Girona,41.97222222222222,2.819444444444444,2016-01-01,2024-12-31,1
0372C,Girona,42.10444444444445,2.763611111111111,2016-01-01,2024-12-31,1
0385X,Girona,42.053888888888885,3.2013888888888893,2016-01-01,2024-12-31,1
0394X,Girona,42.21055555555556,2.4719444444444445,2016-01-01,2024-12-31,0
0411X,Girona,42.22472222222223,3.093055555555556,2016-01-01,2024-12-31,1
0413A,Girona,42.386944444444445,2.7555555555555555,2016-01-01,2024-12-31,1
0421E,Girona,42.39,3.006111111111111,2016-01-01,2024-12-27,1
0421X,Girona,42.39,3.006111111111111,2016-01-01,2024-12-31,1
0429X,Girona,42.259166666666665,2.960277777777778,2016-01-01,2024-12-31,1
0433D,Girona,42.31916666666667,3.315555555555556,2016-01-22,2024-12-31,1
1002Y,Navarra,43.13583333333333,-1.5430555555555554,2016-01-01,2024-12-31,0
1010X,Navarra,43.27861111111111,-1.6758333333333333,2016-01-01,2024-12-31,0
1012P,Gipuzkoa/Guipúzcoa,43.32638888888889,-1.7966666666666666,2016-01-01,2024-12-31,0
1014,Gipuzkoa/Guipúzcoa,43.35694444444445,-1.7922222222222222,2016-01-01,2024-12-31,0
1014A,Gipuzkoa/Guipúzcoa,43.35694444444445,-1.7922222222222222,2016-01-01,2024-12-31,0
1021X,Gipuzkoa/Guipúzcoa,43.21388888888889,-1.8788888888888888,2016-01-01,2024-12-31,0
1021Y,Navarra,43.21222222222222,-1.7977777777777777,2016-05-11,2024-12-31,0
1024E,Gipuzkoa/Guipúzcoa,43.30638888888888,-2.041111111111111,2016-01-01,2024-12-31,0
1025A,Gipuzkoa/Guipúzcoa,43.01555555555556,-2.256666666666667,2017-01-01,2024-12-31,0
1025X,Gipuzkoa/Guipúzcoa,43.05472222222222,-2.2319444444444447,2016-01-01,2024-12-31,0
1026X,Gipuzkoa/Guipúzcoa,43.05805555555556,-2.1841666666666666,2016-01-01,2025-06-11,0
1033X,Navarra,43.085,-1.9508333333333328,2016-01-01,2024-12-31,0
1037X,Gipuzkoa/Guipúzcoa,43.05166666666666,-2.3372222222222225,2016-01-01,2025-06-11,0
1037Y,Gipuzkoa/Guipúzcoa,43.080000000000005,-2.3175,2016-01-01,2025-06-11,0
1038X,Gipuzkoa/Guipúzcoa,43.1725,-2.2672222222222222,2016-01-01,2025-06-11,0
1041A,Gipuzkoa/Guipúzcoa,43.30222222222222,-2.2511111111111117,2016-01-01,2025-06-11,0
1044X,Araba/Álava,43.05777777777777,-2.5897222222222225,2016-01-01,2025-06-11,0
1048X,Gipuzkoa/Guipúzcoa,43.025,-2.4658333333333333,2016-01-01,2025-06-11,0
1049N,Gipuzkoa/Guipúzcoa,43.138333333333335,-2.4958333333333336,2017-01-01,2025-06-11,0
1050J,Gipuzkoa/Guipúzcoa,43.20916666666667,-2.413333333333333,2016-01-01,2025-06-11,0
1052A,Gipuzkoa/Guipúzcoa,43.31722222222223,-2.397222222222222,2017-01-01,2025-06-11,0
1055B,Bizkaia/Vizcaya,43.37694444444445,-2.5102777777777776,2016-07-02,2018-12-31,1
1056K,Bizkaia/Vizcaya,43.3425,-2.6711111111111108,2016-01-01,2025-06-11,0
1057B,Bizkaia/Vizcaya,43.45388888888889,-2.7527777777777778,2016-01-01,2025-06-11,0
1059X,Bizkaia/Vizcaya,43.375,-3.0216666666666665,2016-01-01,2024-12-31,0
1060X,Araba/Álava,43.05027777777777,-3.0055555555555555,2016-01-01,2024-12-31,0
1064L,Bizkaia/Vizcaya,43.09638888888889,-2.8602777777777777,2016-01-01,2024-12-31,0
1069Y,Bizkaia/Vizcaya,43.09916666666667,-2.6441666666666666,2016-01-01,2024-12-31,0
1074C,Bizkaia/Vizcaya,43.20277777777778,-2.706111111111112,2016-01-01,2024-12-31,0
1078C,Bizkaia/Vizcaya,43.18055555555555,-3.2097222222222226,2016-01-01,2024-12-31,0
1078I,Bizkaia/Vizcaya,43.20333333333333,-3.104722222222222,2016-01-01,2024-12-31,0
1082,Bizkaia/Vizcaya,43.29805555555556,-2.906388888888889,2016-01-01,2024-12-31,0
1083B,Bizkaia/Vizcaya,43.27972222222222,-3.168611111111111,2016-01-01,2024-12-31,0
1083L,Cantabria,43.39472222222222,-3.233888888888889,2016-01-01,2024-12-31,0
1089U,Cantabria,43.255833333333335,-3.4708333333333337,2016-01-01,2024-12-31,0
1096X,Cantabria,43.39666666666667,-3.4697222222222224,2016-01-01,2024-12-31,0
1103X,Cantabria,43.2275,-3.721111111111111,2023-01-01,2024-12-31,0
1109,Cantabria,43.42388888888889,-3.8255555555555554,2016-01-01,2024-12-31,0
1109X,Cantabria,43.42861111111111,-3.8313888888888887,2016-01-01,2024-12-31,0
1111,Cantabria,43.49111111111111,-3.800555555555556,2016-01-01,2024-05-15,0
1111X,Cantabria,43.49111111111111,-3.800555555555556,2016-01-01,2024-12-31,0
1124E,Cantabria,43.24555555555556,-3.849444444444445,2016-01-01,2024-12-31,0
1135C,Cantabria,43.14694444444444,-4.214166666666667,2016-01-01,2024-12-31,0
1152C,Cantabria,43.27194444444444,-4.048611111111111,2016-01-01,2024-12-31,0
1154H,Cantabria,43.35861111111111,-4.0275,2016-01-01,2024-12-31,0
1159,Cantabria,43.39333333333333,-4.392222222222222,2016-01-01,2024-12-31,0
1167B,Cantabria,43.14388888888889,-4.812777777777778,2016-01-01,2024-12-31,0
1167G,Cantabria,43.155,-4.803055555555555,2020-08-13,2024-12-31,0
1167J,Cantabria,43.08916666666667,-4.773888888888889,2020-09-01,2024-12-31,0
1174I,Cantabria,43.18277777777777,-4.601666666666667,2016-01-01,2024-12-31,1
1176A,Cantabria,43.255833333333335,-4.668333333333334,2016-01-01,2024-12-31,0
1178R,Asturias,43.2375,-4.736666666666666,2019-06-01,2024-12-31,0
1178Y,León,43.14527777777778,-4.931666666666667,2016-01-01,2023-12-31,0
1179B,Asturias,43.31111111111111,-4.852777777777778,2016-01-09,2024-12-31,0
1183X,Asturias,43.42027777777778,-4.748055555555555,2016-01-01,2024-12-31,0
1186P,Asturias,43.266666666666666,-5.119166666666667,2016-01-01,2023-12-31,0
1199X,Asturias,43.37777777777778,-5.396666666666667,2016-01-01,2025-06-11,0
1203D,Asturias,43.49222222222223,-5.247222222222223,2016-01-01,2023-12-31,0
1207U,Asturias,43.52305555555555,-5.621111111111111,2016-01-01,2023-12-31,0
1208H,Asturias,43.55972222222222,-5.700833333333334,2016-01-01,2024-12-31,0
1210X,Asturias,43.65583333333333,-5.848611111111111,2016-01-01,2023-12-31,0
1212E,Asturias,43.566944444444445,-6.0441666666666665,2016-01-01,2025-06-11,0
1221D,Asturias,42.97861111111112,-5.776388888888889,2016-01-01,2025-06-11,0
1223P,Asturias,43.132777777777775,-5.822777777777778,2016-01-01,2024-12-31,0
1226X,Asturias,43.09527777777778,-5.476944444444444,2016-01-01,2025-06-11,0
1234P,Asturias,43.275,-5.819166666666667,2016-01-01,2025-06-11,0
1249I,Asturias,43.35333333333333,-5.874166666666667,2016-01-01,2022-12-31,0
1249X,Asturias,43.35333333333333,-5.87388888888889,2016-01-01,2024-12-31,0
1272B,Asturias,43.290277777777774,-6.386666666666667,2016-01-01,2024-12-31,0
1276F,Asturias,43.1,-6.256944444444445,2016-01-01,2025-06-11,0
1279X,Asturias,43.425,-6.230833333333334,2016-01-01,2025-06-11,0
1283U,Asturias,43.56916666666667,-6.47,2016-01-01,2025-06-11,0
1297E,Lugo,42.76861111111111,-7.0175,2016-01-01,2025-06-11,0
1302F,Asturias,42.95527777777778,-6.4725,2016-01-01,2025-06-11,0
1309C,Asturias,43.0275,-6.885,2016-01-01,2025-06-11,0
1327A,Asturias,43.46555555555556,-6.673333333333334,2016-01-01,2025-06-11,0
1331A,Asturias,43.52472222222222,-7.0313888888888885,2016-01-01,2025-06-11,0
1341B,Asturias,43.41555555555556,-7.061111111111111,2016-01-01,2025-06-10,0
1342X,Lugo,43.54055555555556,-7.083055555555555,2016-01-01,2025-06-11,0
1344X,Lugo,43.43138888888889,-7.361666666666666,2016-01-01,2025-06-11,0
1347T,Lugo,43.65111111111111,-7.357222222222222,2016-01-01,2024-12-31,0
1351,A Coruña,43.78611111111111,-7.685,2016-01-01,2025-06-11,0
1354C,A Coruña,43.47638888888889,-8.262222222222222,2016-01-01,2024-07-01,0
1363X,A Coruña,43.44583333333333,-7.861388888888888,2016-01-01,2025-06-11,0
1387,A Coruña,43.365833333333335,-8.421388888888888,2016-01-01,2024-12-31,0
1387D,A Coruña,43.36333333333334,-8.441944444444445,2016-01-01,2024-12-31,0
1387E,A Coruña,43.30694444444444,-8.371944444444445,2016-01-01,2024-12-31,0
1390X,A Coruña,43.20361111111112,-8.71111111111111,2016-01-01,2024-12-31,0
1393,A Coruña,43.160555555555554,-9.210833333333332,2016-01-01,2024-12-31,0
1399,A Coruña,43.0575,-9.046944444444444,2016-01-01,2024-12-31,0
1400,A Coruña,42.92472222222222,-9.29138888888889,2016-01-01,2024-12-31,0
1406X,A Coruña,42.93527777777778,-8.993611111111111,2016-01-01,2024-12-31,0
1410X,A Coruña,43.03777777777778,-8.022222222222224,2016-01-01,2024-12-31,0
1428,A Coruña,42.88805555555555,-8.410555555555556,2016-01-01,2024-12-31,0
1435C,A Coruña,42.80027777777777,-8.876111111111111,2016-01-01,2024-12-31,0
1437O,A Coruña,42.72055555555556,-8.923333333333332,2016-01-01,2017-10-02,0
1442U,A Coruña,42.64388888888889,-8.892222222222221,2016-01-01,2024-12-31,0
1446X,Lugo,42.80972222222222,-7.768333333333333,2016-01-01,2024-12-31,0
1455I,Pontevedra,42.71111111111112,-7.953888888888889,2016-01-01,2024-12-31,0
1465U,Pontevedra,42.66555555555556,-8.1925,2016-01-01,2024-12-31,0
1466A,Pontevedra,42.700833333333335,-8.257777777777777,2016-01-01,2024-12-31,0
1468X,Pontevedra,42.69361111111111,-8.501944444444444,2016-01-01,2024-12-31,0
1473A,A Coruña,42.73833333333334,-8.627222222222223,2016-01-01,2024-12-31,0
1475X,A Coruña,42.87611111111112,-8.555833333333334,2016-01-01,2024-12-31,0
1476R,A Coruña,42.74972222222223,-8.714722222222221,2016-01-01,2024-12-31,0
1477U,Pontevedra,42.58222222222223,-8.769722222222223,2016-01-01,2022-12-31,0
1477V,Pontevedra,42.58472222222223,-8.774722222222223,2016-01-01,2025-06-11,0
1484C,Pontevedra,42.43833333333333,-8.615833333333333,2016-01-01,2025-06-11,0
1486E,Pontevedra,42.39611111111111,-8.706944444444444,2022-01-24,2025-06-11,0
1489A,Pontevedra,42.40694444444444,-8.45111111111111,2017-01-01,2025-06-11,0
1495,Pontevedra,42.23861111111111,-8.623888888888889,2016-07-02,2025-06-11,0
1496X,Pontevedra,42.230555555555554,-8.724166666666667,2016-01-01,2025-06-11,0
1505,Lugo,43.11111111111112,-7.4575,2016-01-01,2025-06-11,0
1518A,Lugo,42.998333333333335,-7.5525,2016-01-01,2025-06-11,0
1521I,Lugo,42.84527777777778,-7.499444444444444,2016-01-01,2024-12-31,0
1521X,Lugo,42.86388888888889,-7.185277777777778,2016-01-01,2024-12-31,0
1541B,León,42.928888888888885,-6.333888888888889,2016-01-01,2024-12-31,0
1542,Asturias,42.994166666666665,-6.414166666666668,2016-01-01,2024-12-31,0
1549,León,42.56388888888888,-6.6,2016-01-01,2024-12-31,1
1561I,León,42.76611111111111,-6.673611111111112,2016-01-01,2024-12-31,0
1583X,Ourense,42.41555555555556,-6.993055555555555,2016-01-01,2024-12-31,1
1631E,Ourense,42.339444444444446,-7.2825,2016-01-01,2024-12-31,0
1639X,Ourense,42.26027777777778,-7.383611111111112,2016-01-01,2024-12-31,0
1658,Lugo,42.58861111111111,-7.191666666666667,2016-01-01,2024-12-31,0
1679A,Lugo,42.531666666666666,-7.510833333333333,2016-01-01,2024-12-25,0
1690A,Ourense,42.32527777777778,-7.859722222222222,2016-01-01,2024-12-31,1
1696O,Ourense,42.46805555555556,-8.278055555555556,2016-01-01,2024-12-31,0
1700X,Ourense,42.421388888888885,-8.092500000000001,2016-01-01,2024-12-31,0
1701X,Ourense,42.3,-8.129166666666666,2016-01-01,2024-12-31,0
1706A,Ourense,42.18277777777777,-7.796111111111111,2016-01-01,2024-12-31,0
1719,Pontevedra,42.21805555555556,-8.281111111111112,2016-01-01,2024-12-31,0
1723X,Pontevedra,42.18222222222222,-8.492777777777777,2016-01-01,2024-12-31,0
1730E,Pontevedra,41.943888888888885,-8.8475,2016-01-01,2024-12-31,0
1735X,Ourense,42.07916666666667,-7.733611111111111,2016-01-01,2024-12-31,0
1738U,Ourense,41.93416666666666,-7.988888888888889,2016-01-01,2024-12-31,0
1740,Cantabria,43.37722222222222,-4.124444444444444,2016-01-01,2024-12-31,0
2005Y,Soria,41.967777777777776,-2.7827777777777776,2016-01-01,2024-12-31,3
2017Y,Soria,41.99583333333334,-2.494166666666666,2016-01-01,2024-12-31,3
2030,Soria,41.775,-2.483055555555556,2016-01-01,2024-12-31,4
2044B,Soria,41.60055555555556,-2.5075,2016-01-01,2024-12-31,4
2048A,Soria,41.41944444444445,-2.4202777777777778,2016-01-01,2024-12-31,4
2059B,Soria,41.34972222222223,-2.783333333333333,2016-01-01,2024-12-31,4
2084Y,Soria,41.721944444444446,-3.046944444444444,2016-01-01,2024-12-31,1
2092,Soria,41.589444444444446,-3.0869444444444447,2016-01-01,2024-12-31,4
2096B,Soria,41.37361111111111,-3.251388888888889,2016-01-01,2024-12-31,4
2106B,Burgos,41.74583333333334,-3.3819444444444446,2016-01-01,2024-12-31,4
2117D,Burgos,41.66583333333333,-3.742777777777778,2016-01-01,2024-12-31,4
2135A,Segovia,41.37277777777778,-3.507222222222222,2016-01-01,2024-12-31,4
2140A,Segovia,41.464444444444446,-3.785833333333333,2016-01-01,2024-12-31,4
2150H,Segovia,41.19194444444444,-3.475277777777778,2016-01-01,2024-12-31,3
2166Y,Valladolid,41.59305555555556,-4.124722222222222,2016-01-01,2024-12-31,4
2172Y,Valladolid,41.61194444444445,-4.405555555555556,2016-01-01,2024-12-31,4
2182C,Segovia,41.13388888888889,-3.790277777777778,2016-01-01,2024-12-31,4
2192C,Segovia,41.38361111111111,-4.265555555555555,2016-01-01,2024-12-31,4
2235U,Palencia,42.87055555555556,-4.52,2016-01-01,2023-12-31,3
2243A,Palencia,42.79805555555556,-4.277222222222222,2016-01-01,2024-07-01,1
2276B,Palencia,42.56888888888889,-4.575,2016-01-01,2023-12-31,4
2285B,Burgos,42.52388888888889,-4.001111111111111,2022-01-01,2023-12-31,4
2290Y,Burgos,42.25111111111111,-4.198888888888889,2016-01-01,2023-12-31,4
2296A,Soria,41.77555555555556,-1.9766666666666668,2016-01-01,2023-12-31,1
2298,Burgos,41.95972222222223,-3.131666666666667,2016-01-01,2023-12-31,4
2302N,Burgos,42.146388888888886,-3.1097222222222225,2016-01-01,2025-06-11,3
2311Y,Burgos,42.10527777777778,-3.767777777777778,2016-01-01,2025-06-11,4
2331,Burgos,42.35694444444445,-3.620277777777778,2016-01-01,2025-06-11,1
2362C,Palencia,42.89388888888889,-4.713611111111112,2016-01-01,2025-06-11,3
2374X,Palencia,42.35083333333333,-4.617222222222223,2016-01-01,2025-06-11,4
2400E,Palencia,41.99555555555556,-4.602777777777778,2016-01-01,2025-06-11,4
2401X,Palencia,42.00944444444445,-4.560555555555555,2016-01-01,2025-06-11,4
2422,Valladolid,41.64083333333333,-4.754166666666666,2016-01-01,2025-06-11,4
2430Y,Ávila,40.54333333333333,-5.0441666666666665,2016-01-01,2025-06-11,4
2444,Ávila,40.65916666666666,-4.679722222222223,2016-01-01,2025-06-11,4
2453E,Ávila,40.82888888888889,-4.741944444444444,2016-01-01,2025-06-11,4
2456B,Ávila,41.07138888888889,-4.73,2016-01-01,2025-06-11,4
2462,Madrid,40.793055555555554,-4.010555555555555,2016-01-01,2025-06-11,3
2465,Segovia,40.945277777777775,-4.126388888888888,2016-01-01,2025-06-11,4
2471Y,Segovia,40.71861111111112,-4.211944444444445,2016-01-01,2025-06-11,3
2482B,Segovia,41.12638888888889,-4.375833333333333,2016-01-01,2025-06-11,4
2491C,Salamanca,40.355,-5.69,2016-01-01,2025-06-11,3
2503B,Valladolid,41.28,-4.691944444444444,2016-01-01,2025-06-11,4
2503X,Valladolid,41.325833333333335,-4.686944444444444,2016-01-01,2016-12-31,4
2507Y,Valladolid,41.41944444444445,-4.963611111111112,2016-01-01,2025-06-11,4
2512Y,Ávila,40.88222222222223,-5.018611111111111,2016-01-01,2025-06-11,4
2517A,Valladolid,41.172777777777775,-4.939722222222223,2016-01-01,2025-06-10,4
2536D,Zamora,41.54833333333333,-5.271388888888889,2016-01-01,2025-06-11,4
2539,Valladolid,41.71194444444445,-4.855555555555555,2016-01-01,2022-12-31,4
2555B,Zamora,41.236666666666665,-5.481388888888889,2016-01-01,2022-12-31,4
2565,Zamora,41.555277777777775,-5.630555555555556,2022-01-01,2022-12-31,4
2568D,Palencia,42.52361111111111,-4.851111111111111,2016-01-01,2022-12-31,1
2593D,Valladolid,42.094166666666666,-5.041111111111111,2016-01-01,2024-12-31,4
2604B,Valladolid,41.87583333333333,-5.040277777777778,2016-01-01,2024-12-31,4
2611D,Zamora,41.85638888888889,-5.592499999999999,2016-01-01,2024-12-31,4
2614,Zamora,41.51555555555556,-5.735277777777778,2016-01-01,2024-12-31,4
2624C,León,42.958333333333336,-5.0075,2016-01-01,2024-12-31,0
2626Y,León,42.62,-5.193333333333333,2016-01-01,2024-12-31,1
2630X,León,43.06222222222222,-5.376944444444444,2016-01-01,2024-12-31,0
2661,León,42.58833333333334,-5.651111111111112,2016-01-01,2024-12-31,1
2661B,León,42.59944444444445,-5.643611111111111,2017-07-03,2017-07-31,4
2664B,León,42.29583333333333,-5.504722222222222,2016-01-01,2024-12-31,4
2701D,León,42.88555555555556,-5.870833333333334,2017-01-01,2024-12-31,0
2728B,León,42.64833333333333,-6.070833333333333,2017-01-01,2024-12-31,3
2734D,León,42.47666666666667,-6.0744444444444445,2017-01-01,2024-12-31,1
2737E,León,42.3775,-6.196666666666667,2017-01-01,2024-12-31,1
2742R,León,42.46638888888889,-5.779722222222222,2017-01-01,2024-12-31,1
2755X,Zamora,42.01083333333333,-5.666666666666667,2017-01-01,2024-12-31,4
2766E,Zamora,42.0825,-6.639722222222222,2017-01-01,2024-12-31,0
2775X,Zamora,41.94138888888889,-6.279722222222222,2017-01-01,2024-12-31,4
2777K,Zamora,42.07805555555556,-6.007222222222223,2017-01-01,2024-12-31,4
2789H,Zamora,41.785555555555554,-5.908888888888889,2017-01-01,2024-12-31,4
2804F,Zamora,41.53388888888889,-6.141944444444444,2017-01-01,2024-12-31,4
2811A,Ávila,40.35055555555556,-5.143055555555556,2017-01-01,2019-12-31,3
2828Y,Ávila,40.35527777777778,-5.519166666666667,2017-01-01,2024-12-31,1
2847X,Salamanca,40.67555555555556,-5.643333333333333,2017-01-01,2024-12-31,4
2863C,Salamanca,40.73222222222223,-5.366111111111111,2017-01-01,2024-12-31,4
2867,Salamanca,40.95944444444445,-5.498333333333333,2017-01-01,2024-12-31,4
2870,Salamanca,40.9575,-5.662222222222223,2017-01-01,2025-06-11,4
2873X,Salamanca,40.90361111111111,-5.779722222222222,2017-01-01,2025-06-11,4
2882D,Zamora,41.23888888888889,-5.8975,2017-01-01,2025-06-10,1
2885K,Zamora,41.30444444444444,-6.022222222222222,2017-01-01,2025-06-11,1
2891A,Salamanca,41.26277777777778,-6.462222222222223,2017-01-01,2025-06-11,4
2914C,Salamanca,40.78611111111111,-6.202777777777778,2016-07-02,2025-06-11,4
2916A,Salamanca,41.01138888888889,-6.437777777777778,2017-01-01,2025-06-11,4
2918Y,Salamanca,40.56944444444445,-6.223611111111111,2017-01-01,2025-06-11,3
2926B,Salamanca,40.85138888888889,-6.608888888888888,2017-01-01,2025-06-11,1
2930Y,Salamanca,40.29666666666667,-6.812777777777778,2016-01-01,2025-06-11,0
2945A,Salamanca,40.485,-6.576944444444444,2016-01-01,2025-06-11,1
2946X,Salamanca,40.635,-6.6,2016-01-01,2025-06-11,4
2966D,Zamora,41.68333333333333,-6.301388888888889,2016-01-01,2025-06-11,1
2969U,Ourense,42.02722222222222,-7.183055555555556,2016-01-01,2024-12-31,0
2978X,Ourense,41.92666666666666,-7.421944444444445,2016-01-01,2024-12-31,1
3013,Guadalajara,40.84166666666667,-1.8788888888888888,2016-01-01,2024-12-31,4
3021Y,Guadalajara,40.75833333333333,-2.199722222222222,2016-01-01,2024-12-31,4
3040Y,Cuenca,40.57166666666667,-2.0763888888888893,2016-01-17,2024-10-31,4
3044X,Cuenca,40.530277777777776,-2.15,2016-01-01,2022-03-30,3
3085Y,Guadalajara,40.407777777777774,-2.953055555555556,2016-01-01,2024-12-31,4
3094B,Cuenca,40.011944444444445,-3.0213888888888887,2016-01-01,2024-12-31,4
3099Y,Toledo,39.93527777777778,-3.4961111111111114,2016-01-01,2024-12-31,4
3100B,Madrid,40.06722222222223,-3.546111111111111,2016-01-01,2024-12-31,4
3103,Guadalajara,41.00361111111111,-3.301944444444444,2016-01-01,2024-12-31,4
3104Y,Madrid,40.88972222222222,-3.888333333333333,2016-01-01,2024-12-31,3
3110C,Madrid,41.00694444444444,-3.613888888888889,2016-01-01,2024-12-31,4
3111D,Madrid,41.13555555555556,-3.5805555555555557,2016-01-01,2024-12-31,3
3125Y,Madrid,40.55,-3.6166666666666663,2016-01-01,2024-12-31,4
3126Y,Madrid,40.561388888888885,-3.7119444444444447,2016-01-01,2024-12-31,4
3129,Madrid,40.46666666666667,-3.555555555555556,2016-01-01,2024-12-31,4
3130C,Guadalajara,41.08638888888889,-2.618055555555556,2016-01-01,2024-12-31,4
3140Y,Guadalajara,40.985,-2.76,2016-02-12,2024-12-31,4
3168D,Guadalajara,40.63027777777778,-3.1502777777777777,2016-01-01,2024-12-31,4
3170Y,Madrid,40.52833333333333,-3.289722222222222,2016-03-30,2024-12-31,4
3175,Madrid,40.48861111111111,-3.443611111111111,2016-01-01,2024-12-31,4
3182Y,Madrid,40.31166666666666,-3.497777777777778,2016-01-01,2024-12-31,4
3191E,Madrid,40.69611111111111,-3.765,2016-01-01,2024-12-31,4
3194U,Madrid,40.45166666666667,-3.724166666666666,2016-01-01,2024-12-31,4
3194Y,Madrid,40.44833333333333,-3.813333333333333,2016-01-01,2024-12-31,4
3195,Madrid,40.41194444444445,-3.6780555555555554,2016-01-01,2024-12-31,4
3196,Madrid,40.37555555555556,-3.786111111111111,2016-01-01,2023-12-31,4
3200,Madrid,40.29944444444444,-3.7222222222222223,2016-01-01,2024-12-31,4
3209Y,Guadalajara,40.765277777777776,-2.8741666666666665,2016-01-01,2023-12-31,4
3229Y,Madrid,40.24722222222222,-3.3116666666666665,2016-01-01,2023-12-31,4
3245Y,Toledo,39.69611111111111,-3.5058333333333334,2016-01-01,2023-12-31,4
3254Y,Toledo,39.68694444444444,-3.780555555555555,2016-01-01,2023-12-31,4
3260B,Toledo,39.88472222222222,-4.045277777777778,2016-01-01,2023-12-31,4
3266A,Madrid,40.70638888888889,-4.141944444444444,2016-01-01,2023-12-31,3
3268C,Madrid,40.65972222222222,-4.0175,2016-01-01,2023-12-31,4
3298X,Toledo,39.54694444444444,-4.350555555555555,2016-01-01,2023-12-31,4
3305Y,Toledo,39.63055555555555,-4.476944444444444,2016-01-01,2023-12-31,4
3319D,Ávila,40.33972222222222,-5.012777777777778,2016-01-01,2025-06-11,0
3330Y,Madrid,40.31305555555555,-4.487222222222222,2016-01-01,2025-06-11,3
3337U,Ávila,40.4675,-4.4558333333333335,2016-01-01,2025-06-11,4
3338,Madrid,40.42777777777778,-4.25,2016-01-01,2025-06-11,4
3343Y,Madrid,40.49666666666667,-4.061111111111111,2016-01-01,2025-06-11,4
3362Y,Toledo,40.10833333333333,-4.680555555555556,2016-01-01,2025-06-11,4
3365A,Toledo,39.95861111111111,-4.863611111111111,2016-01-01,2025-06-11,4
3386A,Cáceres,39.59166666666667,-5.391666666666668,2016-01-01,2025-06-11,3
3391,Ávila,40.28861111111111,-4.590833333333333,2016-01-01,2025-06-11,4
3422D,Ávila,40.13916666666667,-5.311388888888889,2016-01-06,2025-06-11,3
3423I,Cáceres,40.153888888888886,-5.373333333333333,2016-01-01,2025-06-11,3
3427Y,Toledo,39.99333333333333,-5.114444444444444,2016-01-03,2025-06-11,4
3434X,Cáceres,39.94583333333333,-5.5825,2016-01-01,2024-12-31,4
3436D,Cáceres,40.11111111111112,-5.784722222222222,2016-01-01,2025-06-11,3
3448X,Cáceres,39.82083333333334,-6.1275,2016-01-01,2024-12-31,4
3455X,Cáceres,39.67,-5.808333333333334,2016-01-01,2024-07-01,4
3463X,Cáceres,39.4825,-5.854166666666666,2016-01-01,2019-09-30,4
3463Y,Cáceres,39.46416666666667,-5.874166666666667,2019-10-01,2024-12-31,4
3469A,Cáceres,39.47138888888889,-6.338888888888889,2016-01-01,2024-12-31,4
3475X,Cáceres,39.79055555555556,-6.376388888888888,2016-01-01,2024-12-31,4
3494U,Cáceres,40.40805555555556,-6.239722222222222,2016-01-01,2024-12-31,3
3503,Cáceres,40.18944444444444,-6.1675,2016-01-01,2024-12-31,4
3504X,Cáceres,40.265,-5.861111111111111,2016-01-01,2024-12-31,3
3512X,Cáceres,40.08083333333334,-6.338888888888889,2016-01-01,2024-12-31,4
3514B,Cáceres,40.25861111111111,-5.678333333333334,2016-01-01,2024-12-31,3
3516X,Cáceres,40.12083333333334,-5.8325,2016-01-01,2024-12-31,3
3519X,Cáceres,40.043055555555554,-6.085833333333333,2016-01-01,2024-12-31,4
3526X,Cáceres,40.00361111111111,-6.5575,2016-01-01,2024-12-31,4
3531X,Cáceres,40.255,-6.411666666666667,2016-01-01,2024-12-31,3
3536X,Cáceres,40.17472222222222,-6.724444444444445,2016-01-01,2024-12-31,3
3540X,Cáceres,39.87138888888889,-6.859999999999999,2016-01-01,2024-12-31,4
3547X,Cáceres,40.20722222222223,-6.896111111111111,2016-01-01,2024-12-31,3
3562X,Cáceres,39.4275,-6.7363888888888885,2016-01-01,2024-12-31,4
3565X,Cáceres,39.61805555555556,-6.745,2016-01-01,2024-12-31,4
3576X,Cáceres,39.414722222222224,-7.231111111111111,2016-01-01,2024-12-31,4
4007Y,Albacete,38.965833333333336,-2.745,2016-01-01,2024-12-31,4
4051Y,Cuenca,40.06111111111111,-2.8069444444444445,2016-01-01,2024-12-31,4
4061X,Toledo,39.59722222222222,-3.0483333333333333,2016-01-01,2024-12-31,4
4064Y,Ciudad Real,39.39083333333333,-3.2158333333333333,2016-01-01,2024-12-31,4
4067,Toledo,39.49194444444444,-3.5283333333333333,2016-01-01,2024-12-31,4
4070Y,Cuenca,40.01888888888889,-2.395277777777778,2016-01-01,2024-12-31,4
4075Y,Cuenca,39.84027777777778,-2.5033333333333334,2016-01-01,2024-12-31,4
4089A,Cuenca,39.51694444444444,-2.4958333333333336,2016-01-01,2024-12-31,4
4090Y,Cuenca,39.41666666666666,-2.420555555555556,2016-01-19,2024-12-31,4
4091Y,Albacete,39.261944444444445,-2.5925,2017-01-01,2024-12-31,4
4093Y,Cuenca,39.65611111111111,-2.76,2016-07-02,2024-12-31,4
4095Y,Cuenca,39.555277777777775,-2.705555555555556,2017-01-01,2025-06-11,4
4096Y,Albacete,39.016666666666666,-2.488888888888889,2016-07-02,2025-06-11,4
4103X,Ciudad Real,39.16916666666666,-3.0075,2016-01-15,2025-06-11,4
4116I,Ciudad Real,38.950833333333335,-3.741944444444445,2016-01-01,2025-06-11,4
4121,Ciudad Real,38.98916666666667,-3.9202777777777778,2016-01-01,2025-06-11,4
4138Y,Ciudad Real,38.7375,-3.0044444444444443,2016-01-01,2025-06-11,4
4147X,Ciudad Real,38.75055555555556,-3.391388888888889,2016-01-01,2025-06-11,4
4148,Ciudad Real,38.51805555555556,-3.5666666666666664,2016-01-01,2025-06-11,4
4193Y,Ciudad Real,39.21694444444445,-4.282777777777778,2016-01-01,2025-06-11,4
4195E,Ciudad Real,39.32083333333334,-4.3950000000000005,2023-07-03,2025-06-11,4
4210Y,Ciudad Real,38.89805555555556,-4.291944444444444,2016-01-01,2025-06-11,4
4220X,Ciudad Real,39.08361111111111,-4.621944444444445,2016-01-01,2024-08-04,4
4236Y,Cáceres,39.45055555555556,-5.026388888888889,2016-01-01,2025-06-11,4
4244X,Badajoz,39.16944444444445,-5.062222222222222,2016-01-01,2024-12-31,4
4245X,Cáceres,39.45527777777778,-5.333333333333333,2016-01-01,2024-12-31,3
4260,Badajoz,38.47972222222222,-5.5775,2016-01-01,2024-12-31,4
4263X,Córdoba,38.409444444444446,-5.350555555555555,2016-01-01,2024-12-31,4
4267X,Córdoba,38.498333333333335,-5.121388888888888,2016-01-01,2024-12-31,4
4300Y,Ciudad Real,38.775277777777774,-4.845277777777778,2016-01-01,2024-12-31,4
4325Y,Badajoz,38.74194444444444,-5.529166666666667,2022-01-01,2024-12-31,4
4339X,Cáceres,39.314166666666665,-5.368888888888889,2016-01-01,2024-12-31,4
4340,Badajoz,39.10333333333333,-5.461388888888889,2016-01-01,2024-12-31,4
4347X,Cáceres,39.282777777777774,-5.710277777777778,2016-01-01,2024-12-31,4
4358X,Badajoz,38.95555555555556,-5.880555555555556,2016-01-01,2024-12-31,4
4362X,Badajoz,38.57638888888889,-5.845833333333333,2022-09-30,2024-12-31,4
4386B,Badajoz,38.23166666666667,-6.016944444444444,2016-01-01,2024-12-31,4
4395X,Badajoz,38.55166666666666,-6.306666666666667,2016-01-01,2024-12-31,4
4410X,Badajoz,38.91583333333333,-6.385555555555556,2016-01-01,2024-12-31,4
4411C,Cáceres,39.1975,-6.231111111111111,2016-01-01,2024-12-31,4
4427X,Badajoz,38.42583333333333,-6.4366666666666665,2016-01-01,2024-12-31,4
4436Y,Badajoz,38.68888888888888,-6.361111111111111,2016-01-01,2024-12-31,4
4452,Badajoz,38.88333333333333,-6.813888888888889,2016-01-01,2024-12-31,4
4464X,Badajoz,39.18194444444444,-6.995277777777778,2016-01-01,2024-12-31,1
4468X,Badajoz,39.17666666666666,-6.600833333333333,2016-01-01,2024-12-31,1
4478X,Badajoz,38.88611111111111,-7.009444444444444,2016-01-01,2024-12-31,4
4486X,Badajoz,38.6975,-7.084444444444444,2017-01-01,2023-12-31,4
4489X,Badajoz,38.484722222222224,-7.281944444444444,2016-01-01,2024-12-31,1
4492F,Badajoz,38.47277777777778,-6.923333333333334,2016-06-08,2023-12-31,1
4497X,Badajoz,38.37222222222222,-7.158055555555556,2016-01-01,2023-12-31,1
4499X,Badajoz,38.081388888888895,-6.271944444444444,2016-01-01,2023-12-31,4
4501X,Badajoz,38.20861111111111,-6.311388888888889,2016-01-01,2023-12-31,4
4511C,Badajoz,38.29861111111111,-6.765,2016-01-01,2023-12-31,4
4520X,Badajoz,38.17833333333333,-6.661666666666667,2016-01-01,2023-12-31,1
4527X,Huelva,37.98027777777778,-6.975833333333333,2016-01-01,2023-12-31,1
4541X,Huelva,37.55361111111111,-7.52,2016-01-01,2024-07-01,1
4549Y,Huelva,37.19472222222222,-7.395,2016-01-01,2023-12-31,1
4554X,Huelva,37.21833333333333,-7.083611111111111,2016-01-01,2024-07-01,1
4560Y,Huelva,37.86861111111112,-6.675000000000001,2016-01-01,2023-12-31,1
4575X,Huelva,37.57527777777778,-6.767777777777778,2016-01-01,2023-12-31,1
4584X,Huelva,37.73166666666667,-6.942222222222222,2016-01-01,2023-12-31,1
4589X,Huelva,37.59777777777778,-7.1194444444444445,2016-01-01,2024-12-31,1
4608X,Huelva,37.67722222222222,-6.630000000000001,2016-01-01,2024-12-31,1
4622X,Huelva,37.450833333333335,-6.636666666666666,2016-01-01,2024-12-31,1
4642E,Huelva,37.27833333333333,-6.911666666666667,2016-01-01,2024-12-31,1
5000C,Ceuta,35.88861111111111,-5.3469444444444445,2016-01-01,2024-12-31,1
5038X,Jaén,37.91583333333333,-3.003888888888889,2016-01-01,2018-10-02,4
5038Y,Jaén,37.91583333333333,-3.003888888888889,2016-01-01,2025-06-11,4
5047E,Granada,37.505833333333335,-2.735,2016-01-01,2025-06-11,4
5051X,Granada,37.86138888888889,-2.6527777777777777,2016-01-01,2025-06-11,4
5060X,Almería,37.86083333333333,-2.228055555555556,2016-01-01,2025-06-11,4
5103E,Granada,37.15833333333333,-3.2569444444444446,2023-10-16,2025-06-11,3
5103F,Granada,37.19111111111111,-3.253888888888889,2023-07-05,2025-06-11,4
5107D,Granada,37.18,-2.986388888888889,2018-01-01,2025-06-11,4
5164B,Jaén,37.99666666666667,-3.4619444444444447,2016-01-01,2025-06-11,4
5165X,Jaén,37.78083333333333,-3.563611111111111,2016-07-02,2025-06-11,4
5181D,Jaén,38.31472222222222,-2.8897222222222223,2016-01-01,2025-05-16,4
5192,Jaén,38.48916666666667,-2.6375,2016-01-01,2025-06-01,4
5210X,Jaén,38.175,-2.998055555555556,2016-01-01,2025-06-11,4
5246,Jaén,38.34444444444445,-3.535277777777777,2016-01-01,2025-06-03,4
5270B,Jaén,37.7775,-3.8091666666666666,2016-01-01,2024-12-31,4
5279X,Jaén,38.15111111111111,-3.6294444444444447,2016-01-01,2024-12-31,4
5281X,Jaén,38.09305555555556,-3.7825,2019-01-01,2024-12-31,4
5298X,Jaén,38.02305555555555,-4.0633333333333335,2016-01-01,2024-12-31,4
5304Y,Ciudad Real,38.66888888888889,-4.059166666666666,2019-01-01,2024-12-31,4
5341C,Ciudad Real,38.428888888888885,-4.301666666666667,2018-07-03,2024-12-31,4
5346X,Córdoba,38.18666666666666,-4.2725,2016-07-02,2024-12-31,4
5361X,Córdoba,38.013333333333335,-4.330277777777778,2016-01-01,2024-12-31,4
5390Y,Córdoba,38.33305555555556,-4.608888888888888,2016-01-01,2024-12-31,4
5394X,Córdoba,38.020833333333336,-4.796666666666667,2016-01-01,2024-12-31,4
5402,Córdoba,37.848888888888894,-4.846666666666667,2016-01-01,2024-12-31,4
5406X,Jaén,37.4975,-3.9080555555555554,2016-01-01,2024-12-31,4
5412X,Córdoba,37.484722222222224,-4.207777777777778,2016-01-01,2024-12-31,4
5427X,Córdoba,37.55611111111111,-4.353888888888888,2016-01-01,2024-07-01,4
5429X,Córdoba,37.81027777777778,-4.462222222222223,2016-01-01,2024-12-31,4
5459X,Córdoba,38.11111111111112,-4.928611111111112,2016-01-01,2024-12-31,4
5470,Córdoba,37.75305555555556,-5.100555555555555,2016-01-01,2024-12-31,4
5473X,Badajoz,38.26777777777777,-5.686111111111112,2016-01-01,2024-12-31,4
5511,Granada,37.06444444444444,-3.3713888888888888,2023-10-16,2024-12-31,3
5514,Granada,37.13722222222222,-3.631388888888889,2016-01-01,2024-12-31,4
5514Z,Granada,37.13611111111111,-3.633333333333333,2019-10-10,2024-12-20,4
5515D,Granada,37.23694444444445,-3.5505555555555555,2016-01-21,2024-12-31,4
5515X,Granada,37.189722222222215,-3.595555555555556,2016-01-01,2024-12-31,4
5516D,Granada,37.06305555555555,-3.3869444444444445,2022-01-01,2024-12-31,3
5530E,Granada,37.19027777777777,-3.789722222222222,2016-01-01,2024-12-31,4
5582A,Granada,37.16111111111111,-4.152777777777779,2016-01-01,2024-12-31,4
5598X,Córdoba,37.23083333333334,-4.547777777777777,2016-01-01,2024-12-31,4
5612B,Sevilla,37.19444444444444,-4.77,2016-01-01,2025-06-11,4
5612X,Sevilla,37.27027777777778,-4.826944444444444,2016-01-01,2025-06-11,4
5624X,Córdoba,37.48194444444445,-4.685833333333334,2016-01-01,2025-06-11,4
5625X,Córdoba,37.63861111111111,-4.763888888888889,2016-01-01,2025-06-11,4
5641X,Sevilla,37.51611111111111,-5.085,2016-01-01,2025-06-11,4
5654X,Sevilla,37.78666666666666,-5.371111111111111,2016-01-01,2025-06-11,1
5656,Sevilla,37.49722222222222,-5.433055555555556,2016-01-01,2025-06-11,4
5702X,Sevilla,37.56555555555556,-5.740555555555556,2016-01-01,2025-06-11,1
5704B,Sevilla,37.92638888888889,-5.769722222222222,2016-01-01,2025-06-11,1
5726X,Sevilla,38.09944444444445,-5.819166666666667,2016-01-01,2025-06-11,4
5733X,Sevilla,37.79111111111111,-6.075,2016-01-01,2025-06-11,1
5769X,Huelva,37.97361111111111,-6.322222222222222,2016-01-01,2025-06-11,4
5783,Sevilla,37.41666666666666,-5.879166666666667,2016-01-01,2024-12-31,1
5788X,Sevilla,37.361666666666665,-6.059722222222222,2019-02-01,2025-06-11,1
5790Y,Sevilla,37.36416666666667,-6.005833333333333,2016-01-01,2024-12-31,1
5796,Sevilla,37.16444444444444,-5.6113888888888885,2016-01-01,2025-06-11,1
5835X,Sevilla,37.36,-6.3341666666666665,2016-01-01,2025-06-11,1
5858X,Huelva,36.98861111111111,-6.443055555555556,2016-01-01,2025-06-11,1
5860E,Huelva,37.09805555555556,-6.738055555555556,2016-01-01,2025-06-11,1
5891X,Sevilla,36.95333333333333,-5.846666666666667,2016-01-01,2024-12-31,1
5906X,Cádiz,36.75,-6.400555555555556,2016-01-01,2024-12-31,1
5910,Cádiz,36.638888888888886,-6.3325,2016-01-01,2024-07-01,1
5911A,Cádiz,36.76055555555556,-5.3741666666666665,2016-01-01,2023-12-31,3
5919X,Cádiz,36.931666666666665,-5.259444444444444,2016-01-01,2023-12-31,4
5941X,Cádiz,36.72944444444445,-5.512222222222222,2016-01-01,2023-12-31,1
5950X,Cádiz,36.66388888888888,-5.783333333333333,2016-01-01,2023-12-31,1
5960,Cádiz,36.75055555555556,-6.055833333333333,2016-01-01,2023-12-31,1
5972X,Cádiz,36.46555555555556,-6.205555555555556,2016-01-01,2023-07-02,1
5973,Cádiz,36.49972222222223,-6.257777777777778,2016-01-01,2024-12-31,1
5983X,Cádiz,36.40611111111111,-5.920277777777778,2016-01-01,2023-12-31,1
5995B,Cádiz,36.24555555555556,-5.965,2016-01-01,2024-12-31,1
5996B,Cádiz,36.18472222222222,-5.9094444444444445,2016-01-01,2024-12-31,1
5998X,Sevilla,37.24333333333333,-5.1125,2016-01-01,2024-12-31,4
6000A,Melilla,35.27638888888889,-2.956388888888889,2016-01-01,2024-12-31,1
6001,Cádiz,36.013888888888886,-5.598888888888888,2016-01-09,2024-12-31,1
6032B,Málaga,36.74972222222223,-5.168333333333334,2016-01-20,2016-01-20,1
6032X,Málaga,36.75,-5.168611111111112,2016-01-01,2025-06-11,4
6040X,Málaga,36.54444444444445,-5.386388888888889,2016-01-01,2025-06-11,1
6042I,Cádiz,36.43555555555555,-5.3950000000000005,2016-07-02,2024-12-31,1
6045X,Málaga,36.6325,-5.203055555555555,2016-01-01,2023-12-31,1
6050X,Málaga,36.51861111111111,-5.318611111111111,2016-01-01,2025-06-11,1
6056X,Cádiz,36.27305555555555,-5.2844444444444445,2016-01-01,2025-06-11,1
6057X,Málaga,36.37833333333333,-5.26,2016-01-01,2023-12-31,1
6058I,Málaga,36.41694444444444,-5.155,2016-01-01,2024-12-31,1
6069X,Málaga,36.54361111111111,-5.024722222222223,2016-01-01,2023-12-31,1
6076X,Málaga,36.48444444444444,-4.953055555555555,2016-01-01,2024-12-31,1
6083X,Málaga,36.48333333333333,-4.740277777777778,2016-01-01,2024-12-31,1
6084X,Málaga,36.53861111111111,-4.618333333333334,2016-01-01,2024-12-31,1
6088X,Málaga,36.62055555555556,-4.515,2016-01-01,2024-12-31,1
6100B,Málaga,37.02388888888889,-4.5625,2016-01-01,2024-12-31,4
6106X,Málaga,37.02944444444445,-4.748333333333333,2016-01-01,2024-12-31,4
6127X,Málaga,36.85472222222222,-4.696666666666667,2016-01-01,2024-12-31,1
6143X,Málaga,36.657777777777774,-4.760833333333333,2016-01-01,2024-12-31,1
6155A,Málaga,36.66611111111111,-4.482222222222222,2016-01-01,2024-07-01,1
6156X,Málaga,36.717777777777776,-4.4816666666666665,2016-01-01,2024-12-31,1
6172O,Málaga,36.71666666666667,-4.419722222222222,2016-01-01,2016-01-31,1
6172X,Málaga,36.71666666666667,-4.419722222222222,2016-01-01,2023-12-31,1
6175X,Málaga,36.715,-4.286111111111111,2016-01-01,2023-12-31,1
6199X,Málaga,36.76861111111111,-4.093611111111111,2023-01-01,2024-12-31,1
6201X,Málaga,36.755833333333335,-4.043888888888889,2016-01-01,2025-06-11,1
6205X,Málaga,36.72638888888889,-3.957222222222222,2016-01-01,2024-12-31,1
6213X,Málaga,36.76277777777778,-3.845277777777778,2017-01-01,2024-12-31,1
6248D,Granada,36.95222222222223,-3.430277777777777,2023-10-16,2024-12-31,5
6258X,Granada,36.92305555555555,-3.4925,2016-01-01,2024-12-31,1
6267X,Granada,36.748333333333335,-3.578611111111111,2017-01-01,2024-12-31,1
6268X,Granada,36.72277777777778,-3.5302777777777776,2016-07-20,2016-12-13,0
6268Y,Granada,36.723888888888894,-3.529166666666667,2016-01-01,2024-12-31,1
6272X,Granada,36.73416666666667,-3.38,2016-01-01,2024-12-31,1
6277B,Almería,36.74722222222222,-3.020555555555556,2016-01-01,2024-12-31,1
6281X,Granada,37.00527777777778,-3.071388888888889,2016-01-01,2024-12-31,4
6291B,Almería,36.77472222222222,-2.813055555555555,2016-01-01,2024-12-31,1
6293X,Almería,36.68694444444444,-2.7016666666666667,2016-01-01,2024-12-31,1
6299I,Granada,37.09583333333334,-2.9644444444444447,2023-10-16,2024-12-26,3
6302A,Almería,37.14138888888889,-2.78,2016-01-01,2024-12-31,4
6307C,Almería,37.05305555555555,-2.897222222222222,2023-07-05,2024-12-31,4
6307X,Almería,37.03333333333333,-2.9125,2016-01-01,2024-12-31,4
6312E,Almería,37.020833333333336,-2.677222222222222,2023-07-05,2024-12-31,4
6325O,Almería,36.84638888888889,-2.3569444444444447,2016-01-01,2024-12-31,1
6329X,Almería,36.721944444444446,-2.1930555555555555,2016-01-01,2024-12-31,1
6332X,Almería,36.98027777777778,-1.903611111111111,2017-01-01,2021-07-27,1
6332Y,Almería,36.94222222222222,-1.9069444444444443,2021-07-01,2024-12-31,1
6335O,Almería,37.11,-2.6991666666666667,2023-07-05,2024-12-31,4
6340X,Almería,37.178888888888885,-1.8166666666666669,2016-01-01,2024-12-31,1
6364X,Almería,37.406666666666666,-2.151388888888889,2016-01-01,2024-12-31,4
6367B,Almería,37.39055555555556,-1.9436111111111112,2016-01-01,2024-12-31,4
6375X,Málaga,37.13222222222223,-4.741944444444444,2016-01-01,2024-12-31,4
6381,Almería,35.93833333333333,-3.036111111111111,2016-01-01,2016-06-11,2
7002Y,Murcia,37.41722222222222,-1.5869444444444445,2016-01-01,2024-12-31,1
7007Y,Murcia,37.58805555555556,-1.2305555555555556,2019-01-01,2024-12-31,1
7012C,Murcia,37.60111111111111,-0.9877777777777778,2016-01-01,2024-12-31,1
7012D,Murcia,37.60444444444445,-1.0233333333333332,2016-02-22,2024-12-31,1
7019X,Murcia,37.63583333333333,-0.7155555555555555,2022-02-24,2024-12-31,1
7020C,Murcia,37.8075,-1.1280555555555556,2019-01-01,2024-12-31,1
7023X,Murcia,37.72638888888889,-1.1672222222222224,2019-01-01,2024-12-31,1
7026X,Murcia,37.73888888888889,-0.9675,2017-01-01,2024-12-31,1
7031,Murcia,37.78888888888888,-0.8033333333333333,2019-01-01,2024-12-31,1
7031X,Murcia,37.77833333333333,-0.8058333333333334,2019-01-01,2024-12-31,1
7066Y,Albacete,38.39333333333333,-2.218888888888889,2019-01-01,2024-12-31,4
7067Y,Albacete,38.08833333333334,-2.4130555555555557,2019-01-01,2024-12-31,4
7072Y,Albacete,38.295,-2.2938888888888886,2016-07-02,2024-12-31,4
7080X,Murcia,38.26833333333333,-1.986388888888889,2016-01-01,2024-12-31,4
7096B,Albacete,38.54194444444444,-1.7030555555555555,2016-01-01,2024-12-31,4
7103Y,Albacete,38.58805555555556,-1.6894444444444443,2016-01-01,2024-12-31,4
7119B,Murcia,38.10305555555556,-1.8772222222222223,2016-01-01,2024-12-31,4
7121A,Murcia,38.23416666666667,-1.702222222222222,2016-01-01,2024-12-31,4
7127X,Murcia,38.049166666666665,-1.695277777777778,2016-01-01,2024-12-31,4
7138B,Murcia,38.45888888888889,-1.3352777777777778,2016-01-01,2024-12-31,4
7145D,Murcia,38.23277777777778,-1.3805555555555555,2016-01-01,2024-12-31,1
7158X,Murcia,38.12805555555556,-1.3058333333333334,2016-01-01,2024-12-31,1
7172X,Murcia,38.04138888888889,-1.4491666666666667,2016-01-01,2024-12-31,1
7178I,Murcia,38.00194444444445,-1.1708333333333334,2016-01-01,2024-12-31,1
7195X,Murcia,37.92611111111111,-2.058333333333333,2016-01-01,2024-12-31,4
7203A,Murcia,37.844722222222224,-1.8697222222222225,2016-01-01,2024-12-31,4
7209,Murcia,37.65472222222222,-1.6872222222222222,2016-01-01,2024-12-31,1
7211B,Murcia,37.56805555555556,-1.797222222222222,2016-01-01,2024-12-31,4
7218Y,Murcia,37.75861111111111,-1.5127777777777778,2019-04-24,2024-12-31,1
7227X,Murcia,37.861666666666665,-1.334722222222222,2016-01-01,2024-12-31,1
7228,Murcia,37.95777777777778,-1.228611111111111,2016-01-01,2024-12-31,1
7237E,Murcia,38.138888888888886,-1.158611111111111,2016-01-01,2024-12-31,1
7244X,Alacant/Alicante,38.06777777777778,-0.9813888888888888,2016-01-01,2024-12-31,1
7247X,Alacant/Alicante,38.39972222222222,-1.0380555555555555,2016-01-01,2024-12-31,4
7250C,Murcia,38.19444444444444,-1.033888888888889,2016-01-01,2024-12-31,1
7261X,Alacant/Alicante,38.08805555555556,-0.7152777777777777,2016-01-01,2024-12-31,1
7275C,Murcia,38.60166666666667,-1.159722222222222,2016-01-01,2023-12-31,4
8005X,València/Valencia,38.78,-0.7958333333333333,2017-06-01,2024-07-01,4
8008Y,Alacant/Alicante,38.57694444444445,-0.8655555555555555,2016-01-01,2023-12-31,4
8013X,Alacant/Alicante,38.38555555555556,-0.7577777777777778,2016-01-01,2023-12-31,1
8018X,Alacant/Alicante,38.2875,-0.6805555555555555,2016-01-01,2023-12-31,1
8019,Alacant/Alicante,38.282777777777774,-0.5708333333333333,2016-01-01,2022-12-31,1
8025,Alacant/Alicante,38.3725,-0.4941666666666666,2016-01-01,2023-07-02,1
8036Y,Alacant/Alicante,38.54361111111111,-0.1377777777777777,2016-01-01,2022-12-31,1
8050X,Alacant/Alicante,38.78416666666666,0.1666666666666666,2016-01-01,2024-12-31,1
8057C,Alacant/Alicante,38.84666666666667,-0.1183333333333333,2016-01-01,2024-12-31,1
8058X,València/Valencia,38.928888888888885,-0.0958333333333333,2016-01-01,2022-06-05,1
8058Y,València/Valencia,38.95027777777778,-0.1377777777777777,2016-01-01,2024-12-31,1
8059C,Alacant/Alicante,38.71083333333333,-0.46,2016-01-01,2024-07-01,4
8072Y,València/Valencia,39.01694444444444,-0.3047222222222222,2016-01-01,2024-12-31,0
8084Y,Cuenca,40.2225,-1.9258333333333333,2016-01-01,2024-12-31,4
8096,Cuenca,40.06722222222223,-2.1319444444444446,2016-01-01,2024-12-31,4
8155Y,Cuenca,39.555277777777775,-1.9152777777777776,2016-01-01,2024-12-31,4
8175,Albacete,38.95416666666667,-1.856388888888889,2016-01-01,2024-12-31,4
8177A,Albacete,38.9375,-1.6588888888888889,2016-01-01,2024-12-31,4
8178D,Albacete,39.00555555555555,-1.8622222222222224,2016-01-01,2023-12-31,4
8193E,València/Valencia,39.208333333333336,-1.0944444444444443,2016-01-01,2024-07-01,4
8198Y,Albacete,38.85055555555556,-1.0630555555555556,2016-01-01,2023-12-31,4
8203O,València/Valencia,39.08277777777778,-1.100833333333333,2016-01-11,2023-12-31,4
8210Y,Cuenca,40.10305555555556,-1.503611111111111,2016-01-01,2024-07-01,4
8245Y,Cuenca,39.714444444444446,-1.4425,2016-01-01,2024-10-29,4
8270X,València/Valencia,39.13361111111111,-0.79,2016-01-01,2024-12-31,1
8283X,València/Valencia,38.82944444444445,-0.6077777777777778,2016-01-01,2023-12-31,1
8293X,València/Valencia,39.001666666666665,-0.5230555555555556,2016-01-01,2024-07-01,1
8300X,València/Valencia,39.11333333333334,-0.4458333333333333,2016-01-01,2024-07-01,1
8309X,València/Valencia,39.57555555555556,-1.2447222222222225,2016-01-01,2024-12-31,4
8325X,València/Valencia,39.18472222222222,-0.3719444444444444,2016-01-01,2024-07-01,1
8337X,València/Valencia,39.39222222222222,-0.6247222222222223,2016-01-01,2024-12-31,1
8354X,Teruel,40.41972222222222,-1.4413888888888888,2016-01-01,2024-07-01,4
8368U,Teruel,40.35083333333333,-1.1241666666666668,2016-01-01,2024-12-31,4
8376,Teruel,40.23611111111112,-1.4116666666666666,2016-01-01,2024-12-31,4
8381X,València/Valencia,40.06055555555555,-1.283611111111111,2016-01-01,2024-12-31,4
8395X,València/Valencia,39.75333333333333,-0.9936111111111112,2016-01-01,2024-12-31,4
8409X,València/Valencia,39.66388888888888,-0.653888888888889,2016-01-01,2024-12-31,1
8414A,València/Valencia,39.485,-0.4747222222222222,2016-01-01,2024-12-31,1
8416,València/Valencia,39.480555555555554,-0.3663888888888889,2016-01-01,2024-12-31,1
8416X,València/Valencia,39.47944444444445,-0.3372222222222222,2016-01-01,2024-12-31,1
8416Y,València/Valencia,39.480555555555554,-0.3663888888888889,2016-01-01,2024-12-31,1
8439X,Castelló/Castellón,39.79555555555555,-0.4852777777777778,2016-01-01,2024-12-31,1
8446Y,València/Valencia,39.700833333333335,-0.2588888888888889,2017-01-01,2024-12-31,1
8458X,Teruel,40.43055555555555,-0.8494444444444444,2017-01-01,2024-12-31,4
8472A,Castelló/Castellón,40.08777777777778,-0.5469444444444445,2017-01-01,2024-12-31,1
8486X,Teruel,40.3625,-0.4544444444444444,2017-01-01,2024-12-31,3
8489X,Castelló/Castellón,40.43333333333333,-0.2555555555555555,2016-01-01,2024-12-31,3
8492X,Castelló/Castellón,40.227222222222224,-0.1697222222222222,2017-01-01,2024-12-31,1
8500A,Castelló/Castellón,39.95722222222223,-0.0719444444444444,2016-01-01,2024-12-31,1
8501,Castelló/Castellón,39.98916666666667,-0.0322222222222222,2022-01-01,2024-12-31,1
8503Y,Castelló/Castellón,40.21138888888889,0.183611111111111,2016-01-01,2024-12-31,1
8520X,Castelló/Castellón,40.69361111111111,0.1652777777777777,2016-01-01,2024-12-31,3
8523X,Castelló/Castellón,40.55416666666667,0.4297222222222222,2016-01-01,2019-12-31,1
9001D,Cantabria,42.99194444444444,-4.160555555555556,2016-01-01,2024-12-31,0
9001S,Cantabria,43.03666666666666,-4.374444444444444,2016-01-01,2024-12-31,0
9012E,Burgos,42.95138888888889,-3.957222222222222,2016-01-01,2024-12-31,0
9016X,Cantabria,42.80972222222222,-4.032222222222222,2016-01-01,2024-12-31,1
9019B,Cantabria,42.80611111111111,-3.933888888888889,2016-01-01,2024-12-31,1
9027X,Burgos,42.746944444444445,-3.8844444444444446,2016-01-01,2023-05-13,0
9031C,Burgos,42.559444444444445,-3.3088888888888888,2016-01-01,2024-12-31,1
9051,Burgos,42.92,-3.4827777777777778,2016-01-01,2024-12-31,1
9060X,Araba/Álava,42.875277777777775,-3.231666666666667,2016-01-01,2024-12-31,0
9069C,Burgos,42.68722222222222,-2.960555555555556,2016-01-01,2024-12-31,1
9073X,Araba/Álava,42.82972222222222,-2.3597222222222225,2016-01-01,2024-12-31,0
9091O,Araba/Álava,42.88194444444444,-2.735,2016-01-01,2024-12-31,0
9091R,Araba/Álava,42.871944444444445,-2.7327777777777778,2016-01-01,2024-12-31,0
9111,Burgos,42.42111111111111,-3.1702777777777778,2016-01-01,2024-12-31,1
9115X,La Rioja,42.255,-2.968055555555556,2016-01-01,2024-07-01,0
9121X,La Rioja,42.57527777777778,-2.854722222222222,2016-01-01,2024-12-31,1
9122I,Araba/Álava,42.60388888888889,-2.7766666666666664,2016-01-01,2024-12-31,1
9136X,La Rioja,42.23083333333334,-2.871111111111111,2016-01-01,2024-12-31,0
9141V,La Rioja,42.41388888888888,-2.7266666666666666,2016-01-01,2024-12-31,1
9145X,Araba/Álava,42.56722222222223,-2.6327777777777777,2016-01-01,2024-12-31,1
9145Y,La Rioja,42.48277777777778,-2.6394444444444445,2019-01-01,2024-12-31,1
9170,La Rioja,42.45222222222223,-2.331111111111111,2016-01-01,2024-12-31,1
9171K,Navarra,42.57027777777778,-2.1838888888888888,2016-01-01,2024-12-31,1
9178X,Araba/Álava,42.67055555555555,-2.3461111111111115,2016-07-02,2024-12-31,1
9188,La Rioja,42.14944444444444,-2.273333333333333,2016-01-01,2024-12-31,1
9195C,Huesca,42.793055555555554,-0.5052777777777778,2021-10-25,2024-12-31,3
9198X,Huesca,42.74944444444444,-0.5161111111111111,2016-01-01,2024-12-31,0
9201K,Huesca,42.57888888888889,-0.5469444444444445,2016-01-01,2022-12-31,4
9201X,Huesca,42.57972222222222,-0.545,2024-01-01,2024-12-31,3
9207,Huesca,42.74055555555556,-0.7505555555555555,2016-01-01,2024-12-31,3
9208E,Huesca,42.70861111111111,-0.6727777777777777,2016-01-01,2024-12-31,3
9211F,Huesca,42.51416666666667,-0.8172222222222222,2016-01-01,2024-12-31,3
9218A,Navarra,42.8625,-0.9247222222222222,2016-01-01,2024-12-31,0
9228J,Navarra,42.89611111111111,-1.300277777777778,2016-01-01,2024-12-31,0
9228T,Navarra,43.007777777777775,-1.3255555555555556,2016-01-01,2024-12-31,0
9238X,Navarra,42.7175,-1.1172222222222223,2016-01-01,2024-12-31,1
9244X,Zaragoza,42.490833333333335,-1.2133333333333334,2016-01-01,2023-07-02,4
9245X,Navarra,42.521388888888886,-1.3663888888888889,2016-01-01,2023-12-31,1
9252X,Navarra,42.48916666666667,-1.6555555555555554,2016-01-01,2024-07-01,1
9257X,Navarra,42.97055555555556,-1.5169444444444444,2016-01-01,2023-12-31,0
9262,Navarra,42.81777777777778,-1.6383333333333332,2016-01-01,2023-12-31,1
9262P,Navarra,42.70111111111111,-1.4955555555555555,2016-01-01,2023-12-31,1
9263D,Navarra,42.776944444444446,-1.65,2016-01-01,2023-12-31,1
9263X,Navarra,42.77611111111111,-1.5325,2016-01-01,2024-12-31,1
9274X,Navarra,42.91888888888889,-1.835,2016-01-01,2023-12-31,0
9280B,Navarra,42.54944444444444,-1.8575,2016-01-01,2024-12-31,1
9283X,Navarra,42.206944444444446,-1.7113888888888888,2016-01-02,2016-12-31,4
9287A,Soria,42.02638888888889,-2.230833333333333,2016-01-01,2024-12-31,1
9293X,La Rioja,42.17611111111111,-1.743888888888889,2021-02-26,2024-12-31,4
9294E,Navarra,42.19861111111111,-1.475277777777778,2016-01-01,2024-12-31,4
9299X,Zaragoza,41.915,-1.7233333333333334,2016-01-01,2024-12-31,4
9301X,Navarra,41.95888888888889,-1.6905555555555556,2016-01-01,2024-12-31,4
9302Y,Navarra,42.05555555555555,-1.6094444444444445,2016-01-01,2024-12-31,4
9321X,Zaragoza,42.12111111111111,-1.1397222222222223,2016-01-01,2024-10-23,4
9336D,Zaragoza,41.98416666666667,-0.9958333333333332,2016-01-01,2024-12-31,4
9344C,Soria,41.21638888888889,-2.293055555555556,2016-01-01,2024-12-31,4
9352A,Soria,41.57472222222223,-2.140277777777778,2016-01-01,2024-12-31,4
9354X,Zaragoza,41.293055555555554,-1.8952777777777776,2016-01-01,2024-12-31,4
9374X,Teruel,40.56666666666667,-1.3208333333333333,2016-01-01,2024-12-31,4
9377Y,Guadalajara,40.77861111111111,-1.5683333333333334,2016-01-01,2024-07-01,4
9381I,Teruel,40.92611111111111,-1.2933333333333332,2016-01-01,2024-12-31,4
9390,Zaragoza,41.114444444444445,-1.41,2016-01-01,2022-12-31,4
9394X,Zaragoza,41.33111111111111,-1.6452777777777778,2016-01-01,2022-12-31,4
9427X,Zaragoza,41.48111111111111,-1.3808333333333334,2016-01-01,2022-12-31,4
9434,Zaragoza,41.660555555555554,-1.0041666666666669,2016-01-01,2022-12-31,4
9434P,Zaragoza,41.62111111111111,-0.9347222222222222,2016-01-01,2022-12-31,4
9436X,Teruel,40.99527777777778,-1.0875,2016-01-01,2022-12-31,4
9445L,Huesca,42.7625,-0.3927777777777778,2022-01-01,2022-12-31,3
9451F,Huesca,42.70444444444445,-0.2752777777777778,2019-11-28,2022-12-31,3
9453X,Huesca,42.69916666666666,-0.3188888888888889,2016-01-01,2022-12-31,3
9460X,Huesca,42.51277777777778,-0.3555555555555555,2016-01-01,2022-12-31,4
9491X,Huesca,42.02944444444445,-0.5858333333333333,2016-01-01,2022-12-31,1
9495Y,Zaragoza,41.79666666666667,-0.6172222222222222,2017-01-01,2022-12-31,4
9501X,Zaragoza,41.44305555555555,-0.8858333333333333,2017-01-01,2019-12-31,4
9510X,Zaragoza,41.42916666666667,-0.5038888888888889,2017-01-01,2022-12-31,4
9513X,Teruel,41.03111111111111,-0.8055555555555556,2017-01-01,2019-12-31,4
9531Y,Teruel,40.82861111111112,-0.7927777777777778,2017-01-01,2019-12-31,4
9546B,Teruel,41.17194444444444,-0.4419444444444445,2017-01-01,2024-12-31,4
9550C,Teruel,40.97444444444445,-0.4077777777777778,2017-01-01,2019-12-31,4
9561X,Teruel,40.79833333333333,-0.3152777777777777,2017-01-01,2019-12-31,4
9562X,Castelló/Castellón,40.62166666666667,-0.1019444444444444,2017-01-01,2019-12-31,4
9563X,Castelló/Castellón,40.49861111111111,-0.1866666666666666,2017-01-01,2019-12-31,4
9569A,Teruel,40.946666666666665,-0.2377777777777777,2017-01-01,2019-12-31,4
9573X,Teruel,41.05805555555556,-0.1416666666666666,2017-01-01,2024-07-01,4
9574B,Zaragoza,41.2425,-0.0686111111111111,2018-06-11,2023-12-31,4
9576C,Zaragoza,41.52194444444444,-0.1741666666666666,2017-01-01,2018-06-06,4
9585,Girona,42.3325,1.9394444444444443,2017-01-01,2023-12-31,3
9590,Lleida,42.36222222222222,1.6933333333333334,2017-07-03,2023-12-31,4
9590D,Lleida,42.430277777777775,1.6674999999999998,2017-01-01,2023-12-31,3
9619,Lleida,42.35472222222222,1.4627777777777775,2018-01-01,2023-12-31,4
9632X,Lleida,42.23027777777778,1.5694444444444444,2017-07-03,2023-12-31,3
9638D,Lleida,42.15444444444445,1.3119444444444446,2017-01-01,2023-12-31,4
9647X,Lleida,41.80583333333333,1.3955555555555554,2017-01-01,2023-12-31,4
9650X,Lleida,41.88138888888889,1.1086111111111112,2016-07-02,2023-12-31,4
9657X,Lleida,42.625,1.126111111111111,2016-01-01,2023-12-31,4
9660,Lleida,42.58083333333334,1.0075,2016-01-01,2023-12-31,3
9677,Lleida,42.41,1.2147222222222225,2017-01-01,2023-12-31,3
9689X,Lleida,42.46638888888889,0.9908333333333332,2016-01-01,2023-12-31,3
9698U,Lleida,42.20472222222222,0.8647222222222222,2016-01-01,2023-12-31,4
9707,Lleida,42.066944444444445,0.9072222222222224,2016-01-01,2023-12-31,4
9718X,Lleida,41.68111111111111,1.2230555555555558,2017-01-24,2023-12-31,4
9720X,Lleida,41.65055555555556,1.1494444444444445,2016-01-01,2019-11-13,4
9724X,Lleida,41.873333333333335,0.7561111111111111,2016-07-02,2023-12-31,4
9726E,Tarragona,41.55722222222222,1.3094444444444444,2017-01-01,2024-12-31,4
9729X,Lleida,41.61694444444444,0.8666666666666667,2017-01-01,2024-12-31,4
9744B,Lleida,42.50333333333333,0.7988888888888889,2016-07-02,2024-12-29,3
9751,Huesca,42.31861111111112,0.7469444444444444,2016-01-01,2024-12-31,4
9756X,Huesca,42.1125,0.48,2017-01-01,2024-12-31,4
9771C,Lleida,41.62611111111112,0.5980555555555556,2017-01-01,2024-12-31,4
9772X,Lleida,41.36611111111111,0.9136111111111112,2018-01-01,2024-12-31,4
9775X,Lleida,41.41361111111111,0.6783333333333333,2017-01-01,2024-12-31,4
9776D,Lleida,41.39333333333333,0.7341666666666666,2017-01-01,2024-12-31,4
9784P,Huesca,42.63,0.2247222222222222,2017-01-01,2024-12-31,3
9808X,Huesca,42.42166666666667,0.1380555555555555,2017-01-01,2024-12-31,4
9812M,Huesca,42.655277777777776,-0.0991666666666666,2023-02-02,2024-12-31,3
9814I,Huesca,42.65611111111111,-0.1244444444444444,2019-11-13,2024-12-31,3
9814X,Huesca,42.6375,-0.1119444444444444,2017-07-03,2024-12-31,3
9838B,Huesca,42.59944444444445,0.5205555555555557,2017-01-01,2024-12-31,3
9839V,Huesca,42.555,0.5430555555555555,2019-11-14,2024-12-31,3
9843A,Huesca,42.47694444444445,0.4341666666666667,2017-01-01,2024-12-31,3
9855E,Huesca,42.20138888888889,0.4661111111111111,2017-01-01,2024-12-31,4
9866C,Huesca,42.021388888888886,0.1405555555555555,2017-01-01,2024-12-31,4
9894Y,Huesca,41.799166666666665,-0.1608333333333333,2017-01-01,2024-12-31,4
9898,Huesca,42.08444444444444,-0.3255555555555555,2017-01-01,2024-12-31,4
9901X,Huesca,42.138888888888886,-0.395,2017-01-01,2024-12-31,4
9908X,Huesca,41.77388888888889,-0.3330555555555555,2017-01-01,2024-12-31,4
9911X,Huesca,41.61944444444445,0.1877777777777777,2017-01-01,2024-12-31,4
9918Y,Huesca,41.78083333333333,0.3769444444444444,2017-01-01,2024-12-31,4
9924X,Huesca,41.52472222222222,0.3555555555555555,2018-01-01,2024-12-31,4
9935X,Teruel,40.873333333333335,0.1463888888888889,2018-01-01,2024-12-31,1
9946X,Tarragona,40.95305555555556,0.3116666666666666,2016-01-01,2024-12-31,1
9947X,Tarragona,41.17722222222222,0.3533333333333333,2016-01-01,2024-12-31,4
9961X,Tarragona,41.24944444444444,0.7352777777777777,2016-01-01,2024-12-31,4
9975X,Tarragona,41.005,0.6136111111111111,2016-01-01,2024-12-31,1
9981A,Tarragona,40.82027777777778,0.4933333333333333,2016-01-01,2024-12-31,1
9987P,Tarragona,40.69916666666666,0.81,2016-01-07,2016-12-31,1
9988B,Lleida,42.69194444444444,0.9738888888888888,2020-09-04,2024-12-31,3
9990X,Lleida,42.70027777777778,0.8769444444444445,2016-01-01,2024-12-31,3
9994X,Lleida,42.77611111111111,0.6897222222222222,2016-01-01,2024-12-31,0
9995Y,Navarra,43.09111111111111,-1.3008333333333333,2016-01-01,2024-12-31,0
9998X,Teruel,40.921388888888885,-1.4944444444444445,2016-01-01,2024-12-31,4
B013X,Illes Balears,39.82333333333334,2.8858333333333333,2016-01-01,2025-06-11,0
B051A,Illes Balears,39.79555555555555,2.691388888888889,2021-01-01,2025-06-11,1
B087X,Illes Balears,39.689166666666665,2.512777777777778,2016-01-01,2025-06-11,1
B103B,Illes Balears,39.57944444444445,2.368888888888889,2020-01-01,2025-06-11,1
B158X,Illes Balears,39.55138888888889,2.466388888888889,2016-01-01,2025-06-11,1
B228,Illes Balears,39.55416666666667,2.625277777777778,2016-01-01,2025-06-11,1
B236C,Illes Balears,39.64222222222222,2.6438888888888887,2016-01-01,2025-06-11,1
B248,Illes Balears,39.735,2.713055555555556,2016-01-01,2025-06-11,3
B275E,Illes Balears,39.60583333333334,2.706666666666667,2021-07-10,2025-06-11,1
B278,Illes Balears,39.56083333333333,2.736666666666667,2016-01-01,2025-06-11,1
B301,Illes Balears,39.37972222222222,2.785,2016-01-01,2025-06-11,1
B334X,Illes Balears,39.49555555555556,2.8916666666666666,2016-01-01,2025-06-11,1
B341X,Illes Balears,39.50611111111111,3.0055555555555555,2022-07-26,2025-06-11,1
B346X,Illes Balears,39.52166666666667,3.0191666666666666,2016-01-01,2022-07-25,1
B362X,Illes Balears,39.40583333333333,3.0641666666666665,2016-01-01,2024-12-31,1
B373X,Illes Balears,39.35111111111111,3.0119444444444445,2016-01-01,2023-12-31,1
B398A,Illes Balears,39.13555555555556,2.936666666666667,2016-01-01,2023-12-31,1
B410B,Illes Balears,39.34,3.145833333333333,2016-01-01,2023-12-31,1
B434X,Illes Balears,39.41444444444444,3.2716666666666665,2016-01-05,2023-12-31,1
B496X,Illes Balears,39.63027777777778,3.383611111111111,2016-01-01,2023-12-31,1
B526X,Illes Balears,39.68861111111111,3.351111111111112,2016-07-02,2023-12-31,1
B569X,Illes Balears,39.71666666666667,3.478055555555556,2016-01-01,2023-12-31,1
B603X,Illes Balears,39.723055555555554,3.278611111111111,2016-01-01,2024-12-31,1
B605X,Illes Balears,39.79666666666667,3.104722222222222,2016-01-01,2024-12-31,1
B614E,Illes Balears,39.55694444444444,3.217777777777778,2016-01-01,2024-12-31,1
B640X,Illes Balears,39.61638888888889,3.121111111111111,2021-02-13,2023-12-31,1
B644B,Illes Balears,39.64333333333333,3.002222222222222,2016-01-01,2023-12-31,1
B656A,Illes Balears,39.6525,2.8002777777777776,2016-01-01,2024-07-01,1
B662X,Illes Balears,39.67805555555555,2.8738888888888887,2016-01-01,2023-12-31,1
B684A,Illes Balears,39.79277777777778,2.787777777777777,2016-01-01,2024-12-31,0
B691,Illes Balears,39.748333333333335,3.015277777777778,2016-01-01,2024-12-31,1
B691Y,Illes Balears,39.74916666666667,3.0166666666666666,2016-01-01,2024-12-31,1
B760X,Illes Balears,39.87694444444445,3.0241666666666664,2016-01-01,2024-12-31,1
B780X,Illes Balears,39.909444444444446,3.100277777777778,2016-01-01,2024-12-31,1
B800X,Illes Balears,39.87611111111112,4.323888888888889,2016-01-01,2024-12-31,1
B825B,Illes Balears,39.99055555555556,4.086388888888888,2016-01-01,2024-12-31,1
B860X,Illes Balears,39.99277777777778,3.853888888888889,2016-01-01,2024-12-31,1
B870C,Illes Balears,39.94472222222222,3.956666666666667,2016-01-01,2024-12-31,1
B893,Illes Balears,39.85472222222222,4.215555555555556,2016-01-01,2024-12-31,1
B908X,Illes Balears,39.05611111111111,1.4925000000000002,2016-01-01,2024-12-31,1
B925,Illes Balears,38.96305555555556,1.321388888888889,2020-01-01,2024-12-31,1
B954,Illes Balears,38.87638888888889,1.3844444444444444,2016-01-01,2024-12-31,1
B957,Illes Balears,38.922777777777775,1.4413888888888888,2016-01-01,2024-12-31,1
B986,Illes Balears,38.69361111111111,1.463611111111111,2016-01-01,2024-12-31,1
C018J,Las Palmas,28.96972222222222,-13.690277777777778,2016-01-01,2024-12-31,2
C019V,Las Palmas,28.85888888888889,-13.835,2016-01-01,2024-12-31,2
C029O,Las Palmas,28.951944444444443,-13.600277777777777,2016-01-01,2024-12-31,2
C038N,Las Palmas,29.14361111111111,-13.489166666666666,2016-01-01,2024-12-31,2
C048W,Las Palmas,29.0425,-13.680833333333332,2016-01-01,2024-12-31,2
C101A,Santa Cruz De Tenerife,28.75583333333333,-17.89527777777778,2020-01-01,2024-12-31,5
C117A,Santa Cruz De Tenerife,28.760555555555555,-17.985555555555557,2016-01-01,2024-12-31,2
C117Z,Santa Cruz De Tenerife,28.674722222222226,-17.936666666666667,2017-01-01,2025-06-11,2
C126A,Santa Cruz De Tenerife,28.653888888888886,-17.853055555555557,2017-01-01,2025-06-11,2
C129V,Santa Cruz De Tenerife,28.455,-17.84111111111111,2017-01-01,2025-06-11,2
C129Z,Santa Cruz De Tenerife,28.59583333333333,-17.915277777777778,2017-01-01,2025-06-11,2
C139E,Santa Cruz De Tenerife,28.63305555555556,-17.755,2017-01-01,2025-06-11,2
C148F,Santa Cruz De Tenerife,28.804722222222225,-17.78222222222222,2017-01-01,2025-06-11,2
C229J,Las Palmas,28.049166666666668,-14.358055555555556,2016-01-01,2025-06-11,2
C239N,Las Palmas,28.20861111111111,-14.023055555555556,2016-01-01,2025-06-11,2
C248E,Las Palmas,28.416944444444447,-14.019166666666669,2017-01-01,2025-06-11,2
C249I,Las Palmas,28.44472222222222,-13.863055555555556,2016-01-01,2025-06-11,2
C258K,Las Palmas,28.6125,-13.931666666666668,2016-01-01,2025-06-11,2
C314Z,Santa Cruz De Tenerife,28.106944444444444,-17.249166666666667,2016-01-01,2024-12-31,5
C316I,Santa Cruz De Tenerife,28.12833333333333,-17.315,2018-08-07,2025-06-11,2
C317B,Santa Cruz De Tenerife,28.17888888888889,-17.213055555555556,2016-01-01,2025-06-11,2
C319W,Santa Cruz De Tenerife,28.054166666666667,-17.30638888888889,2016-01-01,2024-12-31,2
C328W,Santa Cruz De Tenerife,28.16361111111111,-17.194166666666668,2016-01-01,2024-12-31,2
C329B,Santa Cruz De Tenerife,28.031666666666663,-17.210833333333333,2016-01-01,2024-12-31,2
C329Z,Santa Cruz De Tenerife,28.08972222222222,-17.11138888888889,2016-01-01,2024-12-31,2
C406G,Santa Cruz De Tenerife,28.224166666666665,-16.62611111111111,2016-01-01,2024-12-22,5
C412N,Santa Cruz De Tenerife,28.21972222222222,-16.705277777777777,2016-01-01,2024-12-31,5
C415A,Santa Cruz De Tenerife,28.30527777777778,-16.805555555555557,2016-01-01,2024-12-31,2
C417J,Santa Cruz De Tenerife,28.23333333333333,-16.789166666666667,2016-01-01,2024-12-31,2
C418I,Santa Cruz De Tenerife,28.21444444444444,-16.789722222222224,2016-01-01,2024-12-31,2
C418L,Santa Cruz De Tenerife,28.200277777777774,-16.763055555555557,2016-01-01,2024-12-31,2
C419L,Santa Cruz De Tenerife,28.20694444444444,-16.791944444444447,2018-07-19,2024-12-31,2
C419X,Santa Cruz De Tenerife,28.08138888888889,-16.710555555555555,2016-01-01,2024-12-31,2
C422A,Santa Cruz De Tenerife,28.17194444444445,-16.65138888888889,2016-01-01,2024-12-31,5
C423R,Santa Cruz De Tenerife,28.224166666666665,-16.52111111111111,2016-01-01,2024-12-31,5
C426E,Santa Cruz De Tenerife,28.144166666666667,-16.628055555555555,2016-01-01,2024-12-31,5
C426I,Santa Cruz De Tenerife,28.126944444444444,-16.605833333333333,2016-01-01,2024-12-31,2
C426R,Santa Cruz De Tenerife,28.216944444444444,-16.490555555555556,2016-01-01,2024-12-31,2
C428T,Santa Cruz De Tenerife,28.180833333333336,-16.48333333333333,2016-01-01,2024-12-31,2
C428U,Santa Cruz De Tenerife,28.13111111111111,-16.472499999999997,2016-01-01,2024-12-31,2
C429I,Santa Cruz De Tenerife,28.04694444444445,-16.561111111111114,2016-01-01,2024-12-31,2
C430E,Santa Cruz De Tenerife,28.308333333333334,-16.499722222222225,2016-01-01,2024-12-31,5
C436I,Santa Cruz De Tenerife,28.32638888888889,-16.405555555555555,2016-01-01,2024-12-31,2
C436L,Santa Cruz De Tenerife,28.370555555555555,-16.3975,2016-01-01,2024-12-31,2
C437E,Santa Cruz De Tenerife,28.26972222222222,-16.419722222222223,2016-01-01,2024-12-31,2
C438N,Santa Cruz De Tenerife,28.359166666666667,-16.401666666666664,2016-01-01,2024-12-31,2
C439J,Santa Cruz De Tenerife,28.31833333333333,-16.38222222222222,2016-01-01,2024-12-31,2
C446G,Santa Cruz De Tenerife,28.52638888888889,-16.280277777777776,2016-01-01,2024-12-31,2
C447A,Santa Cruz De Tenerife,28.4775,-16.329444444444444,2016-01-01,2024-12-31,2
C448C,Santa Cruz De Tenerife,28.4625,-16.273333333333333,2016-01-01,2024-12-31,2
C449C,Santa Cruz De Tenerife,28.46333333333333,-16.255277777777778,2016-01-01,2024-12-31,2
C449F,Santa Cruz De Tenerife,28.508055555555558,-16.195555555555554,2016-01-01,2024-12-31,2
C449Q,Santa Cruz De Tenerife,28.56,-16.228055555555553,2016-01-01,2024-07-01,2
C453I,Santa Cruz De Tenerife,28.39472222222222,-16.433333333333334,2016-01-01,2024-12-31,5
C455M,Santa Cruz De Tenerife,28.361666666666668,-16.496944444444445,2016-01-01,2024-12-31,2
C456E,Santa Cruz De Tenerife,28.453888888888887,-16.40861111111111,2016-01-01,2023-12-31,2
C456P,Santa Cruz De Tenerife,28.36138888888889,-16.546666666666667,2016-01-01,2023-12-31,2
C456R,Santa Cruz De Tenerife,28.372777777777777,-16.541944444444447,2016-01-01,2023-12-31,2
C457E,Santa Cruz De Tenerife,28.449444444444445,-16.438055555555557,2016-01-01,2024-12-30,2
C457I,Santa Cruz De Tenerife,28.434444444444445,-16.454444444444444,2016-01-01,2024-12-31,2
C458A,Santa Cruz De Tenerife,28.49638888888889,-16.42,2016-01-01,2024-07-01,2
C458U,Santa Cruz De Tenerife,28.36861111111111,-16.578055555555554,2016-07-02,2024-12-31,2
C459Z,Santa Cruz De Tenerife,28.41805555555556,-16.548333333333336,2016-01-01,2024-12-31,2
C466O,Santa Cruz De Tenerife,28.339166666666664,-16.794444444444448,2016-01-01,2024-12-31,2
C467I,Santa Cruz De Tenerife,28.35333333333333,-16.708333333333332,2016-01-01,2024-12-31,2
C468I,Santa Cruz De Tenerife,28.36694444444445,-16.72222222222222,2016-01-01,2024-12-31,2
C468O,Santa Cruz De Tenerife,28.356944444444444,-16.80138888888889,2016-01-01,2025-06-11,2
C468X,Santa Cruz De Tenerife,28.37305555555556,-16.625833333333333,2020-01-01,2025-06-11,2
C611E,Las Palmas,27.976666666666667,-15.58388888888889,2016-01-01,2025-06-11,5
C612F,Las Palmas,28.006944444444443,-15.59888888888889,2016-01-01,2025-06-11,5
C614H,Las Palmas,27.995,-15.615833333333333,2017-04-27,2025-06-11,5
C619I,Las Palmas,28.000833333333333,-15.81388888888889,2016-01-01,2016-09-15,2
C619X,Las Palmas,28.101111111111116,-15.712777777777776,2016-01-01,2025-06-11,2
C619Y,Las Palmas,28.00111111111111,-15.8075,2016-01-01,2025-06-11,2
C623I,Las Palmas,27.92666666666667,-15.599722222222224,2016-01-01,2025-06-11,5
C625O,Las Palmas,27.856944444444444,-15.645,2016-01-01,2025-06-11,5
C628B,Las Palmas,27.90888888888889,-15.77,2016-01-01,2025-06-11,2
C629Q,Las Palmas,27.78,-15.71111111111111,2016-01-01,2025-06-11,2
C629X,Las Palmas,27.81638888888889,-15.764166666666666,2016-01-01,2025-06-11,2
C635B,Las Palmas,27.92,-15.574166666666668,2016-01-01,2025-06-11,5
C639M,Las Palmas,27.758055555555558,-15.575555555555557,2016-01-01,2024-12-31,2
C639U,Las Palmas,27.8125,-15.453055555555554,2016-01-01,2024-12-31,2
C648C,Las Palmas,27.9025,-15.453888888888889,2016-01-01,2024-12-31,2
C648N,Las Palmas,27.9875,-15.457777777777777,2016-01-01,2024-12-31,2
C649I,Las Palmas,27.91777777777778,-15.395277777777777,2016-01-01,2024-12-31,2
C649R,Las Palmas,27.986666666666668,-15.377777777777778,2016-01-01,2024-12-31,2
C656V,Las Palmas,28.075277777777774,-15.547222222222222,2016-01-01,2024-12-31,2
C658L,Las Palmas,28.075,-15.450833333333332,2016-01-01,2024-12-31,2
C658X,Las Palmas,28.078055555555554,-15.453333333333331,2016-01-01,2024-12-31,2
C659H,Las Palmas,28.08972222222222,-15.416111111111112,2016-01-01,2024-12-31,2
C659M,Las Palmas,28.11305555555556,-15.421388888888888,2016-01-01,2024-12-31,2
C665T,Las Palmas,28.065555555555555,-15.565555555555555,2016-01-01,2024-12-31,2
C668V,Las Palmas,28.094444444444445,-15.675,2016-01-01,2024-12-31,2
C669B,Las Palmas,28.141666666666666,-15.506666666666666,2017-01-01,2024-12-31,2
C689E,Las Palmas,27.735833333333336,-15.595833333333331,2017-01-01,2024-12-31,2
C839X,Las Palmas,29.22972222222222,-13.510277777777778,2016-01-01,2024-12-31,2
C916Q,Santa Cruz De Tenerife,27.718888888888888,-17.978055555555553,2016-01-01,2024-12-31,2
C917E,Santa Cruz De Tenerife,27.725277777777777,-18.115,2016-01-01,2024-12-31,2
C919K,Santa Cruz De Tenerife,27.665277777777774,-18.01861111111111,2016-01-01,2024-12-31,2
C925F,Santa Cruz De Tenerife,27.76888888888889,-17.960277777777776,2016-01-01,2024-12-31,2
C928I,Santa Cruz De Tenerife,27.81083333333333,-17.919444444444444,2020-06-19,2024-12-31,2
C929I,Santa Cruz De Tenerife,27.81888888888889,-17.88888888888889,2016-01-01,2024-12-31,2
C939T,Santa Cruz De Tenerife,27.75638888888889,-18.1075,2016-01-01,2024-12-31,2
