indicativo,altitud,tmed,hrMedia_mean,latitud_dd,longitud_dd,cluster
0002I,32,17.11037723919007,62.20993041638925,40.95805555555556,0.8713888888888889,1
0009X,406,15.457051609606541,65.473939703628,41.21388888888889,0.9633333333333332,1
0016A,71,17.283885341997674,63.79632525410477,41.145,1.163611111111111,1
0016B,118,18.662309967384097,61.21266614542611,41.15416666666667,1.108888888888889,1
0034X,233,16.68690383111806,66.9007036747459,41.293055555555554,1.2608333333333333,1
0042Y,55,18.03201174743025,67.35022026431719,41.12388888888889,1.2491666666666668,1
0061X,632,14.14439586645469,58.48430047694754,41.41694444444444,1.5191666666666666,4
0066X,177,16.554693388146624,68.24323398424117,41.33027777777778,1.6769444444444443,1
0073X,58,16.870929798356983,71.50578790141897,41.24388888888889,1.8525,1
0076,4,17.563313718278778,68.15759470393527,41.29277777777778,2.0700000000000003,1
0092X,682,13.779239649681527,65.43192675159236,42.10138888888889,1.8575,3
0106X,361,14.376185531325719,67.47853928695051,41.86638888888889,1.8725,1
0114X,700,13.371284032376748,68.967255334805,42.00694444444444,2.0266666666666664,1
0120X,742,13.78109756097561,69.70963995354239,41.81333333333333,2.095277777777778,1
0149D,291,15.769396681749624,64.82970437628035,41.72,1.840277777777778,1
0149X,291,15.601268956979263,62.00448777468276,41.72,1.840277777777778,4
0158O,738,13.616735173223722,65.45311367955863,41.59444444444445,1.8391666666666668,1
0158X,738,13.781353456669912,67.70821161960403,41.59444444444445,1.8391666666666668,1
0171X,313,15.881767296344666,60.62053230242083,41.57888888888889,1.6177777777777778,4
0194D,647,15.056433944576844,70.99095102909865,41.40805555555556,1.885,1
0200E,408,16.691139705882353,68.52654130111412,41.41833333333333,2.1241666666666665,1
0201D,26,17.476819606706,72.36728726492603,41.39055555555556,2.2,1
0201X,11,17.625691019411327,67.30886239312852,41.375,2.1738888888888885,1
0222X,175,15.982458941605842,68.38845802919708,41.61277777777778,2.168333333333333,1
0229I,146,12.071573216298631,63.946108122212856,41.52361111111111,2.103055555555556,1
0244X,56,18.082989926739927,67.29967948717949,41.505,2.3625000000000003,1
0252D,74,17.329890512317878,61.79498245261035,41.58722222222222,2.54,1
0255B,40,15.17321560703921,70.41426075910115,41.65083333333333,2.6969444444444446,1
0260X,936,13.484051923968474,69.85790449698655,41.76,2.431111111111111,0
0281Y,45,17.728594249201276,71.6188954815153,41.676944444444445,2.805,1
0284X,14,16.161501214862604,72.25609211663206,41.80777777777777,3.0308333333333333,1
0294B,51,16.48384825967931,69.69808369182635,41.967777777777776,3.042222222222222,1
0312X,851,11.559382986491421,76.21496691930234,42.25833333333333,2.364444444444445,0
0320I,1151,11.641590326126787,62.34383475553136,42.316944444444445,2.102777777777778,3
0321,731,12.63998508019396,63.80361805296531,42.22277777777778,2.167222222222222,3
0324A,675,12.924940965025167,69.57467481775284,42.19138888888889,2.196111111111111,1
0341,611,13.402394799863153,70.54601436879918,41.84666666666667,2.2266666666666666,1
0341X,607,13.754773074533402,67.78328981723237,41.846944444444446,2.2225,1
0349,578,13.60394268098152,67.24975845410628,41.92611111111111,2.3175,1
0360X,337,14.082774001699235,75.71495327102804,42.05277777777778,2.551111111111111,0
0363X,810,12.941682091312247,71.6909169440515,41.880833333333335,2.513333333333333,0
0367,143,16.362055004810447,70.15187407141025,41.91166666666666,2.763333333333333,1
0370E,76,17.132496576905524,66.27818347786399,41.97222222222222,2.819444444444444,1
0372C,157,15.468136306658701,65.03538552155054,42.10444444444445,2.763611111111111,1
0385X,1,16.892847349177334,70.08683729433272,42.053888888888885,3.2013888888888893,1
0394X,350,14.587551299589604,72.55905152758778,42.21055555555556,2.4719444444444445,0
0411X,2,16.407683486238533,73.44128440366973,42.22472222222223,3.093055555555556,1
0413A,355,15.353374006237882,67.85700197238658,42.386944444444445,2.7555555555555555,1
0421E,100,17.011567261022602,63.011329758514236,42.39,3.006111111111111,1
0421X,100,17.187557992408266,62.67102488401518,42.39,3.006111111111111,1
0429X,45,17.54994122257053,64.76409875223014,42.259166666666665,2.960277777777778,1
0433D,75,17.492410459366337,78.7886672804541,42.31916666666667,3.315555555555556,1
1002Y,183,14.307352573770292,74.69475926790057,43.13583333333333,-1.5430555555555554,0
1010X,54,14.806395975565936,77.72403880704276,43.27861111111111,-1.6758333333333333,0
1012P,120,15.611785434612372,75.50587314017228,43.32638888888889,-1.7966666666666666,0
1014,4,15.793354182955435,73.38193901485536,43.35694444444445,-1.7922222222222222,0
1014A,4,16.219507427677872,73.16340891321344,43.35694444444445,-1.7922222222222222,0
1021X,165,14.98712715855573,79.25902668759812,43.21388888888889,-1.8788888888888888,0
1021Y,305,13.061517984982679,85.52866406467996,43.21222222222222,-1.7977777777777777,0
1024E,250,14.51102423768569,77.75723221266614,43.30638888888888,-2.041111111111111,0
1025A,255,14.623892188213796,75.87231612608497,43.01555555555556,-2.256666666666667,0
1025X,255,14.409522878373094,77.45913179507235,43.05472222222222,-2.2319444444444447,0
1026X,290,14.303464799115371,77.7183929229635,43.05805555555556,-2.1841666666666666,0
1033X,520,13.039047805642634,78.82131661442006,43.085,-1.9508333333333328,0
1037X,460,12.990648148148148,77.82555555555555,43.05166666666666,-2.3372222222222225,0
1037Y,420,12.781507153705144,74.85129985797458,43.080000000000005,-2.3175,0
1038X,180,14.517027162977866,77.07771629778672,43.1725,-2.2672222222222222,0
1041A,28,15.88947644576425,77.70845218205545,43.30222222222222,-2.2511111111111117,0
1044X,617,12.35686600221484,77.89147286821705,43.05777777777777,-2.5897222222222225,0
1048X,308,13.051910507792861,77.9281045751634,43.025,-2.4658333333333333,0
1049N,470,13.046395563770794,80.9445471349353,43.138333333333335,-2.4958333333333336,0
1050J,119,14.23715181759459,75.80791144189105,43.20916666666667,-2.413333333333333,0
1052A,150,15.019408502772643,75.82316697473814,43.31722222222223,-2.397222222222222,0
1055B,12,15.664622124863088,85.16429353778751,43.37694444444445,-2.5102777777777776,1
1056K,45,14.706948640483384,80.61581067472306,43.3425,-2.6711111111111108,0
1057B,93,15.14959445287309,76.47041092940403,43.45388888888889,-2.7527777777777778,0
1059X,81,14.954413841525604,78.84598416662747,43.375,-3.0216666666666665,0
1060X,240,14.382983576642335,73.87363138686132,43.05027777777777,-3.0055555555555555,0
1064L,270,14.447202925045703,75.13546617915905,43.09638888888889,-2.8602777777777777,0
1069Y,747,11.522562929061785,83.09977116704806,43.09916666666667,-2.6441666666666666,0
1074C,100,14.651760402377686,78.85550983081848,43.20277777777778,-2.706111111111112,0
1078C,210,14.193428258488499,76.03477546549836,43.18055555555555,-3.2097222222222226,0
1078I,208,13.922136546569075,69.89448315477786,43.20333333333333,-3.104722222222222,0
1082,42,15.58665754361957,72.63137187820732,43.29805555555556,-2.906388888888889,0
1083B,177,15.031569343065694,79.01386861313868,43.27972222222222,-3.168611111111111,0
1083L,45,15.638934135977337,80.03558781869688,43.39472222222222,-3.233888888888889,0
1089U,80,14.548493150684932,79.11487279843445,43.255833333333335,-3.4708333333333337,0
1096X,10,14.520369017172087,79.88710266715381,43.39666666666667,-3.4697222222222224,0
1103X,849,11.637072503419974,80.69083447332422,43.2275,-3.721111111111111,0
1109,3,15.478240262050505,74.47763397246648,43.42388888888889,-3.8255555555555554,0
1109X,3,15.154964816262705,77.2017200938233,43.42861111111111,-3.8313888888888887,0
1111,52,15.211898625429555,77.53994845360825,43.49111111111111,-3.800555555555556,0
1111X,51,15.422028928850665,78.27521501172791,43.49111111111111,-3.800555555555556,0
1124E,196,13.90281690140845,78.39241001564945,43.24555555555556,-3.849444444444445,0
1135C,460,12.298831263696128,83.38677867056245,43.14694444444444,-4.214166666666667,0
1152C,105,14.6092795614722,77.02310101801096,43.27194444444444,-4.048611111111111,0
1154H,110,15.001037588097104,77.3404463586531,43.35861111111111,-4.0275,0
1159,38,14.747094621122889,81.71947389085199,43.39333333333333,-4.392222222222222,0
1167B,1100,11.343210659898476,71.8669627749577,43.14388888888889,-4.812777777777778,0
1167G,1910,6.320951913640824,75.7630029440628,43.155,-4.803055555555555,0
1167J,1722,6.6609793814432985,73.74742268041237,43.08916666666667,-4.773888888888889,0
1174I,250,13.988403944485025,71.70124178232287,43.18277777777777,-4.601666666666667,1
1176A,940,11.68754894283477,73.75127785016753,43.255833333333335,-4.668333333333334,0
1178R,1236,9.339004077297494,76.14075415751566,43.2375,-4.736666666666666,0
1178Y,953,10.348083623693379,78.63787954206073,43.14527777777778,-4.931666666666667,0
1179B,458,13.851536595228467,79.58269308532147,43.31111111111111,-4.852777777777778,0
1183X,10,15.26064367816092,73.06114942528735,43.42027777777778,-4.748055555555555,0
1186P,370,14.33469591226321,78.1345962113659,43.266666666666666,-5.119166666666667,0
1199X,280,13.778706697459585,81.57482678983834,43.37777777777778,-5.396666666666667,0
1203D,30,14.44611570247934,84.64848484848486,43.49222222222223,-5.247222222222223,0
1207U,26,14.473340647284695,78.47284695556775,43.52305555555555,-5.621111111111111,0
1208H,5,15.74317607413648,76.5155855096883,43.55972222222222,-5.700833333333334,0
1210X,100,14.787844489615342,80.85589155705271,43.65583333333333,-5.848611111111111,0
1212E,127,14.177859507171753,78.54045605001839,43.566944444444445,-6.0441666666666665,0
1221D,1480,7.385751713018943,74.49905731050771,42.97861111111112,-5.776388888888889,0
1223P,370,13.52296397807361,78.00548159749412,43.132777777777775,-5.822777777777778,0
1226X,750,11.596956427505896,77.09213480213602,43.09527777777778,-5.476944444444444,0
1234P,170,14.726637726913971,77.9542225730071,43.275,-5.819166666666667,0
1249I,336,13.713829301688726,78.45778183477864,43.35333333333333,-5.874166666666667,0
1249X,334,13.913218615565114,77.68635119280407,43.35333333333333,-5.87388888888889,0
1272B,280,13.735314822057097,78.34649980445835,43.290277777777774,-6.386666666666667,0
1276F,670,12.119951377633713,78.29578606158833,43.1,-6.256944444444445,0
1279X,240,13.887977229972575,80.34655300222387,43.425,-6.230833333333334,0
1283U,60,14.469307123394318,74.57434799532892,43.56916666666667,-6.47,0
1297E,1020,11.374853896103897,68.79402910266666,42.76861111111111,-7.0175,0
1302F,1310,9.237639405204462,74.57509293680297,42.95527777777778,-6.4725,0
1309C,780,12.523841853035144,73.8951677316294,43.0275,-6.885,0
1327A,410,13.052272727272726,82.94964028776978,43.46555555555556,-6.673333333333334,0
1331A,40,14.598750411048998,74.90924038145347,43.52472222222222,-7.0313888888888885,0
1341B,340,12.990555555555556,86.55245098039215,43.41555555555556,-7.061111111111111,0
1342X,43,14.555458249187017,79.60949324803254,43.54055555555556,-7.083055555555555,0
1344X,125,13.859362549800798,80.72509960159363,43.43138888888889,-7.361666666666666,0
1347T,80,14.865461227099388,79.93344414411565,43.65111111111111,-7.357222222222222,0
1351,90,14.660223056283977,78.55818935336646,43.78611111111111,-7.685,0
1354C,4,15.153127829487936,77.59948242830477,43.47638888888889,-8.262222222222222,0
1363X,343,12.991392971340128,80.64569290985105,43.44583333333333,-7.861388888888888,0
1387,57,15.411529250769757,76.48443380088949,43.365833333333335,-8.421388888888888,0
1387D,132,15.034659232474016,78.86807363900772,43.36333333333334,-8.441944444444445,0
1387E,98,14.362353171495691,76.86589663273297,43.30694444444444,-8.371944444444445,0
1390X,98,13.68457391304348,83.03860869565217,43.20361111111112,-8.71111111111111,0
1393,50,14.281004873944537,78.32354320547775,43.160555555555554,-9.210833333333332,0
1399,287,13.46401644962303,85.92837559972584,43.0575,-9.046944444444444,0
1400,230,14.328991596638655,79.76744610887833,42.92472222222222,-9.29138888888889,0
1406X,340,13.336316872427982,84.18844307270233,42.93527777777778,-8.993611111111111,0
1410X,500,12.49574800416522,82.333911836168,43.03777777777778,-8.022222222222224,0
1428,370,13.773722627737227,78.85180151307041,42.88805555555555,-8.410555555555556,0
1435C,128,15.022756670799915,81.36039746442952,42.80027777777777,-8.876111111111111,0
1437O,685,12.62563070562201,70.5356125910545,42.72055555555556,-8.923333333333332,0
1442U,10,15.240122977619816,76.1945272906148,42.64388888888889,-8.892222222222221,0
1446X,680,12.76135276655914,78.03415406602008,42.80972222222222,-7.768333333333333,0
1455I,645,11.837524455928031,78.14206984157907,42.71111111111112,-7.953888888888889,0
1465U,463,13.046210779387478,77.65429697759343,42.66555555555556,-8.1925,0
1466A,435,14.382289648058679,75.384324204004,42.700833333333335,-8.257777777777777,0
1468X,269,14.389908232542089,79.58499853845053,42.69361111111111,-8.501944444444444,0
1473A,100,14.966262062918762,74.51631449093459,42.73833333333334,-8.627222222222223,0
1475X,240,14.699723960250276,73.94221567905778,42.87611111111112,-8.555833333333334,0
1476R,210,14.604079870627691,82.79997263760052,42.74972222222223,-8.714722222222221,0
1477U,36,15.867746350364962,73.84375,42.58222222222223,-8.769722222222223,0
1477V,32,15.732719741841086,76.97481181417646,42.58472222222223,-8.774722222222223,0
1484C,113,15.225878704341833,75.70985527222605,42.43833333333333,-8.615833333333333,0
1486E,3,16.00522000821737,71.60262934233795,42.39611111111111,-8.706944444444444,0
1489A,395,13.425749211356466,75.76971608832808,42.40694444444444,-8.45111111111111,0
1495,255,14.93414703637105,76.74750639064366,42.23861111111111,-8.623888888888889,0
1496X,120,15.807205452775072,75.07286595261279,42.230555555555554,-8.724166666666667,0
1505,442,12.708233387358185,79.13824959481362,43.11111111111112,-7.4575,0
1518A,442,13.554191304347826,76.25478260869565,42.998333333333335,-7.5525,0
1521I,403,13.403542094455853,77.1858316221766,42.84527777777778,-7.499444444444444,0
1521X,1080,10.283985374771481,80.3475844790102,42.86388888888889,-7.185277777777778,0
1541B,958,11.319918032786884,69.4438524590164,42.928888888888885,-6.333888888888889,0
1542,1530,8.093056217491867,74.44657667722238,42.994166666666665,-6.414166666666668,0
1549,532,14.17105713308245,64.85032500855286,42.56388888888888,-6.6,1
1561I,770,12.275610766045547,68.77204968944099,42.76611111111111,-6.673611111111112,0
1583X,315,15.19341085271318,64.70257037943696,42.41555555555556,-6.993055555555555,1
1631E,840,11.990462107208872,69.7637707948244,42.339444444444446,-7.2825,0
1639X,990,11.156134486826582,75.5768777034998,42.26027777777778,-7.383611111111112,0
1658,612,12.891899791231733,73.55386221294363,42.58861111111111,-7.191666666666667,0
1679A,291,14.255474882260595,74.69937205651492,42.531666666666666,-7.510833333333333,0
1690A,146,16.115321477428182,69.13201094391245,42.32527777777778,-7.859722222222222,1
1696O,610,12.312941762070682,79.95893479342956,42.46805555555556,-8.278055555555556,0
1700X,400,13.804311073541843,73.58516483516483,42.421388888888885,-8.092500000000001,0
1701X,112,15.859461924304608,74.47264021887825,42.3,-8.129166666666666,0
1706A,492,13.811462631820266,70.39798257679963,42.18277777777777,-7.796111111111111,0
1719,560,13.757838208409508,76.27330895795247,42.21805555555556,-8.281111111111112,0
1723X,90,15.559977064220183,77.4084862385321,42.18222222222222,-8.492777777777777,0
1730E,55,16.08884324347036,73.78482241979621,41.943888888888885,-8.8475,0
1735X,616,12.031621036680809,69.15687534702778,42.07916666666667,-7.733611111111111,0
1738U,730,12.940069124423964,73.9463133640553,41.93416666666666,-7.988888888888889,0
1740,150,14.337631458619114,80.53269318701417,43.37722222222222,-4.124444444444444,0
2005Y,1197,10.600267528939822,68.7549632111657,41.967777777777776,-2.7827777777777776,3
2017Y,1260,10.132421875,66.79273897058823,41.99583333333334,-2.494166666666666,3
2030,1081,12.160648148148148,62.683712121212125,41.775,-2.483055555555556,4
2044B,1100,11.586241768579491,63.21123361891206,41.60055555555556,-2.5075,4
2048A,978,11.694297445255476,64.12157846715328,41.41944444444445,-2.4202777777777778,4
2059B,1042,11.78328975698948,63.865495840931,41.34972222222223,-2.783333333333333,4
2084Y,960,11.121921568627451,68.1435294117647,41.721944444444446,-3.046944444444444,1
2092,932,12.25867006669282,61.36406433895645,41.589444444444446,-3.0869444444444447,4
2096B,1150,12.019097413318658,59.17068299884669,41.37361111111111,-3.251388888888889,4
2106B,955,12.253270094857713,61.812531203195206,41.74583333333334,-3.3819444444444446,4
2117D,790,12.584437009714144,55.177194214530104,41.66583333333333,-3.742777777777778,4
2135A,993,11.615252938170668,64.69979560551864,41.37277777777778,-3.507222222222222,4
2140A,1135,12.374840036563072,63.20658135283364,41.464444444444446,-3.785833333333333,4
2150H,1798,8.41391129032258,62.26142473118279,41.19194444444444,-3.475277777777778,3
2166Y,756,12.894008834897846,62.39867476532302,41.59305555555556,-4.124722222222222,4
2172Y,725,13.428166351606805,64.10743541272842,41.61194444444445,-4.405555555555556,4
2182C,1107,12.56795154185022,58.618116740088105,41.13388888888889,-3.790277777777778,4
2192C,795,12.205287671232877,62.31616438356164,41.38361111111111,-4.265555555555555,4
2235U,1140,11.363573883161513,63.16838487972509,42.87055555555556,-4.52,3
2243A,910,10.852141982864138,72.44798041615667,42.79805555555556,-4.277222222222222,1
2276B,908,11.452445842068483,67.99685534591195,42.56888888888889,-4.575,4
2285B,869,12.896433470507544,66.32098765432099,42.52388888888889,-4.001111111111111,4
2290Y,771,12.303322908522283,64.50351837372948,42.25111111111111,-4.198888888888889,4
2296A,1039,12.166045548654242,60.02657004830918,41.77555555555556,-1.9766666666666668,1
2298,1080,11.337146066969845,57.44901323420906,41.95972222222223,-3.131666666666667,4
2302N,1197,10.26758385394165,68.45658471819463,42.146388888888886,-3.1097222222222225,3
2311Y,884,12.213133498145858,63.28955500618047,42.10527777777778,-3.767777777777778,4
2331,891,11.299682034976152,68.34817170111288,42.35694444444445,-3.620277777777778,1
2362C,1575,9.593908472479901,64.68790965320822,42.89388888888889,-4.713611111111112,3
2374X,830,12.284823776959495,65.7017359284587,42.35083333333333,-4.617222222222223,4
2400E,874,11.764673242909987,66.06011097410604,41.99555555555556,-4.602777777777778,4
2401X,736,12.78569667077682,68.55517879161529,42.00944444444445,-4.560555555555555,4
2422,734,13.7526395173454,63.05781799899447,41.64083333333333,-4.754166666666666,4
2430Y,1178,12.438767545209323,57.19135039756795,40.54333333333333,-5.0441666666666665,4
2444,1130,12.495875251509053,59.50603621730382,40.65916666666666,-4.679722222222223,4
2453E,920,12.782402234636871,61.69211669770329,40.82888888888889,-4.741944444444444,4
2456B,820,13.03620246659815,60.080935251798564,41.07138888888889,-4.73,4
2462,1893,8.275615763546798,68.72783251231527,40.793055555555554,-4.010555555555555,3
2465,1008,13.096954595791804,57.40143964562569,40.945277777777775,-4.126388888888888,4
2471Y,1237,10.994901836605447,64.62824572514249,40.71861111111112,-4.211944444444445,3
2482B,870,12.715008505299611,62.2290698914874,41.12638888888889,-4.375833333333333,4
2491C,1960,7.251293568239959,62.617439058168166,40.355,-5.69,3
2503B,786,13.107085346215781,62.559983896940416,41.28,-4.691944444444444,4
2503X,740,13.275956284153006,68.11612021857924,41.325833333333335,-4.686944444444444,4
2507Y,724,13.454220566297899,62.794601382436866,41.41944444444445,-4.963611111111112,4
2512Y,925,13.255826330532214,60.785434173669465,40.88222222222223,-5.018611111111111,4
2517A,755,13.348814926878468,58.31779400612741,41.172777777777775,-4.939722222222223,4
2536D,710,13.573460591133005,63.15363300492611,41.54833333333333,-5.271388888888889,4
2539,846,12.67185104052574,62.0197152245345,41.71194444444445,-4.855555555555555,4
2555B,811,13.189158279963403,61.184354986276304,41.236666666666665,-5.481388888888889,4
2565,702,14.267090395480226,62.92372881355932,41.555277777777775,-5.630555555555556,4
2568D,985,11.298621323529412,66.2890625,42.52361111111111,-4.851111111111111,1
2593D,782,12.981663929939792,64.02900930487138,42.094166666666666,-5.041111111111111,4
2604B,731,12.986263736263735,61.808302808302805,41.87583333333333,-5.040277777777778,4
2611D,690,13.130432402846196,62.9080459770115,41.85638888888889,-5.592499999999999,4
2614,656,14.518609742747675,61.4887794198139,41.51555555555556,-5.735277777777778,4
2624C,1090,10.544653850525448,72.99063731550697,42.958333333333336,-5.0075,0
2626Y,916,10.819093023255814,65.74651162790698,42.62,-5.193333333333333,1
2630X,1510,6.894405976883648,71.46374784766925,43.06222222222222,-5.376944444444444,0
2661,916,11.910173357664233,63.844406563577664,42.58833333333334,-5.651111111111112,1
2661B,912,20.348275862068967,41.13793103448276,42.59944444444445,-5.643611111111111,4
2664B,788,12.190432098765433,61.750881834215164,42.29583333333333,-5.504722222222222,4
2701D,1120,10.78258492720547,69.53850596914603,42.88555555555556,-5.870833333333334,0
2728B,995,11.352701443875175,68.40870982766651,42.64833333333333,-6.070833333333333,3
2734D,919,12.573061526085281,62.266975140192734,42.47666666666667,-6.0744444444444445,1
2737E,1020,10.560084995269897,62.91374410493539,42.3775,-6.196666666666667,1
2742R,850,11.944569123960598,65.06515124426328,42.46638888888889,-5.779722222222222,1
2755X,715,13.643838429940667,57.246006389776355,42.01083333333333,-5.666666666666667,4
2766E,933,10.331408140814082,70.3883388338834,42.0825,-6.639722222222222,0
2775X,850,12.173413705583757,59.21573604060914,41.94138888888889,-6.279722222222222,4
2777K,737,12.327172413793102,61.40275862068965,42.07805555555556,-6.007222222222223,4
2789H,711,13.255656788139119,63.01733940760855,41.785555555555554,-5.908888888888889,4
2804F,790,13.011882472759515,65.05188742288908,41.53388888888889,-6.141944444444444,4
2811A,1525,10.07327291299165,62.65680117420043,40.35055555555556,-5.143055555555556,3
2828Y,1012,11.853757338551858,59.39686888454012,40.35527777777778,-5.519166666666667,1
2847X,865,12.057033797818816,64.43249056396677,40.67555555555556,-5.643333333333333,4
2863C,897,12.13084910013844,62.15306330552667,40.73222222222223,-5.366111111111111,4
2867,790,12.685952902519167,63.832968236582694,40.95944444444445,-5.498333333333333,4
2870,775,14.248701575138355,63.023201362281824,40.9575,-5.662222222222223,4
2873X,817,12.47309407948094,64.02578949820894,40.90361111111111,-5.779722222222222,4
2882D,1003,13.340979926013944,68.56712900116963,41.23888888888889,-5.8975,1
2885K,804,12.376697926065228,64.1189644731728,41.30444444444444,-6.022222222222222,1
2891A,690,14.356113779091245,63.685260435906905,41.26277777777778,-6.462222222222223,4
2914C,785,13.072465075569967,65.2334156124653,40.78611111111111,-6.202777777777778,4
2916A,769,13.79705915039156,60.78729096636444,41.01138888888889,-6.437777777777778,4
2918Y,1027,12.578875354666899,62.87744923830549,40.56944444444445,-6.223611111111111,3
2926B,748,12.992000662471016,66.1726057510343,40.85138888888889,-6.608888888888888,1
2930Y,880,11.33239082626453,71.09695594126765,40.29666666666667,-6.812777777777778,0
2945A,805,12.851214022984841,67.26220775377331,40.485,-6.576944444444444,1
2946X,680,13.956709137270048,58.09958962660506,40.635,-6.6,4
2966D,840,12.741589192330041,66.89922945853235,41.68333333333333,-6.301388888888889,1
2969U,910,12.499578914535247,69.59560199625702,42.02722222222222,-7.183055555555556,0
2978X,380,14.00837159473523,69.417661463116,41.92666666666666,-7.421944444444445,1
3013,1062,11.620377128953772,61.577402676399025,40.84166666666667,-1.8788888888888888,4
3021Y,1250,11.741392047687551,62.30540458835912,40.75833333333333,-2.199722222222222,4
3040Y,1214,11.288558205257349,63.0983512589616,40.57166666666667,-2.0763888888888893,4
3044X,928,12.91421052631579,65.03350652887742,40.530277777777776,-2.15,3
3085Y,920,14.353863242479322,58.632711498003914,40.407777777777774,-2.953055555555556,4
3094B,819,16.12629852882372,52.008860862503546,40.011944444444445,-3.0213888888888887,4
3099Y,733,15.220906656465186,59.141247509123,39.93527777777778,-3.4961111111111114,4
3100B,540,15.732918469118463,54.46314236724481,40.06722222222223,-3.546111111111111,4
3103,910,13.384080237342705,60.1549783720157,41.00361111111111,-3.301944444444444,4
3104Y,1159,11.19523891966759,61.211379342190384,40.88972222222222,-3.888333333333333,3
3110C,1030,12.149755649083623,55.66770626883768,41.00694444444444,-3.613888888888889,4
3111D,1450,10.196779120364381,64.02271469608134,41.13555555555556,-3.5805555555555557,3
3125Y,672,16.126679493368883,53.98668466604662,40.55,-3.6166666666666663,4
3126Y,740,14.384961242067494,57.36588019229431,40.561388888888885,-3.7119444444444447,4
3129,609,15.568901813205612,55.38624700650017,40.46666666666667,-3.555555555555556,4
3130C,1005,11.256523640113981,60.39122402568232,41.08638888888889,-2.618055555555556,4
3140Y,990,13.692912680293505,59.13646676342563,40.985,-2.76,4
3168D,727,15.382928498118373,55.176530961341086,40.63027777777778,-3.1502777777777777,4
3170Y,605,15.098114204032958,57.93348027173123,40.52833333333333,-3.289722222222222,4
3175,607,15.096972288744439,56.81269243927472,40.48861111111111,-3.443611111111111,4
3182Y,533,15.816799384443515,56.76731159715364,40.31166666666666,-3.497777777777778,4
3191E,1004,14.18080738966815,58.899931577146766,40.69611111111111,-3.765,4
3194U,664,15.539589683652911,52.282992521621495,40.45166666666667,-3.724166666666666,4
3194Y,665,15.397374219610725,55.24476680132207,40.44833333333333,-3.813333333333333,4
3195,667,16.24181000781861,55.33326817826427,40.41194444444445,-3.6780555555555554,4
3196,690,16.13403284671533,55.70095802919708,40.37555555555556,-3.786111111111111,4
3200,620,16.4460516028147,55.589913995308834,40.29944444444444,-3.7222222222222223,4
3209Y,835,13.358029430582214,59.81626350560388,40.765277777777776,-2.8741666666666665,4
3229Y,594,15.293832599118941,56.3931718061674,40.24722222222222,-3.3116666666666665,4
3245Y,635,15.009953240512063,53.914917127071824,39.69611111111111,-3.5058333333333334,4
3254Y,717,16.08336860058039,54.56745848315064,39.68694444444444,-3.780555555555555,4
3260B,513,16.992379385964913,54.61951754385965,39.88472222222222,-4.045277777777778,4
3266A,1532,9.802324159021406,60.536964848269555,40.70638888888889,-4.141944444444444,3
3268C,924,14.863307883349831,54.37451911875375,40.65972222222222,-4.0175,4
3298X,917,14.993922105510018,49.721329571371875,39.54694444444444,-4.350555555555555,4
3305Y,750,15.582604562737641,55.26013941698352,39.63055555555555,-4.476944444444444,4
3319D,1285,8.845381773399014,70.35694731252264,40.33972222222222,-5.012777777777778,0
3330Y,890,13.548071525941737,63.662721362388915,40.31305555555555,-4.487222222222222,3
3337U,850,14.795773707169742,56.837222833248845,40.4675,-4.4558333333333335,4
3338,763,13.701804460756591,53.194266715566606,40.42777777777778,-4.25,4
3343Y,884,14.634428492545556,59.46604086140254,40.49666666666667,-4.061111111111111,4
3362Y,560,16.68553695098799,56.55176821114241,40.10833333333333,-4.680555555555556,4
3365A,372,16.465863529853717,56.382310901551556,39.95861111111111,-4.863611111111111,4
3386A,923,14.651688438188705,61.62844646049284,39.59166666666667,-5.391666666666668,3
3391,630,16.023176654663516,50.90205371392433,40.28861111111111,-4.590833333333333,4
3422D,350,16.82156444735979,61.062643489668744,40.13916666666667,-5.311388888888889,3
3423I,464,16.90282009724473,60.62512155591572,40.153888888888886,-5.373333333333333,3
3427Y,345,15.994393668256993,62.00103093196491,39.99333333333333,-5.114444444444444,4
3434X,269,17.144614822928077,57.61695216447983,39.94583333333333,-5.5825,4
3436D,690,15.744630378815742,61.42442074292019,40.11111111111112,-5.784722222222222,3
3448X,406,17.4238020094971,59.20781070739497,39.82083333333334,-6.1275,4
3455X,559,16.501712328767123,57.7296803652968,39.67,-5.808333333333334,4
3463X,503,17.36880857193353,49.934528513530694,39.4825,-5.854166666666666,4
3463Y,523,17.180043869947923,50.06795433909366,39.46416666666667,-5.874166666666667,4
3469A,394,17.25827633378933,57.80984952120383,39.47138888888889,-6.338888888888889,4
3475X,373,17.911039215686277,56.0025767341679,39.79055555555556,-6.376388888888888,4
3494U,470,15.200804403048265,62.237087214225234,40.40805555555556,-6.239722222222222,3
3503,393,17.274427655677655,57.336309523809526,40.18944444444444,-6.1675,4
3504X,724,15.23632160249119,60.271176771172335,40.265,-5.861111111111111,3
3512X,351,17.10141358869129,60.42202462380301,40.08083333333334,-6.338888888888889,4
3514B,991,14.606255707762557,57.15821917808219,40.25861111111111,-5.678333333333334,3
3516X,1260,12.65543369890329,62.72731804586241,40.12083333333334,-5.8325,3
3519X,415,18.284075869955142,59.064917856776475,40.043055555555554,-6.085833333333333,4
3526X,313,17.907165677772706,56.2656303453048,40.00361111111111,-6.5575,4
3531X,459,16.16634438305709,59.58815752526118,40.255,-6.411666666666667,3
3536X,560,16.449725274725274,59.16251056635672,40.17472222222222,-6.724444444444445,3
3540X,336,17.22943157894737,57.730947368421056,39.87138888888889,-6.859999999999999,4
3547X,450,16.601194672933804,58.87544065804936,40.20722222222223,-6.896111111111111,3
3562X,321,17.303995621237,58.89846743295019,39.4275,-6.7363888888888885,4
3565X,425,17.00210608344399,60.20315789473684,39.61805555555556,-6.745,4
3576X,444,16.42930561900411,57.12915984078824,39.414722222222224,-7.231111111111111,4
4007Y,905,14.783411105926271,54.91577228184788,38.965833333333336,-2.745,4
4051Y,875,14.172949525093815,57.609174782162995,40.06111111111111,-2.8069444444444445,4
4061X,692,15.956309399278148,53.45470472926332,39.59722222222222,-3.0483333333333333,4
4064Y,640,16.644166283876896,54.72668810289389,39.39083333333333,-3.2158333333333333,4
4067,690,15.077623801182822,52.519298428375826,39.49194444444444,-3.5283333333333333,4
4070Y,1020,13.548985643389228,58.555431984317764,40.01888888888889,-2.395277777777778,4
4075Y,870,14.743180304938187,56.61925754060325,39.84027777777778,-2.5033333333333334,4
4089A,858,14.526464137177438,57.48058172833916,39.51694444444444,-2.4958333333333336,4
4090Y,728,15.050848439446773,56.40287217659258,39.41666666666666,-2.420555555555556,4
4091Y,718,16.12606790799562,53.24315443592552,39.261944444444445,-2.5925,4
4093Y,763,15.046640119462419,58.352911896465905,39.65611111111111,-2.76,4
4095Y,745,15.069324201490462,57.438831184816536,39.555277777777775,-2.705555555555556,4
4096Y,918,14.067853209385625,60.31007050586282,39.016666666666666,-2.488888888888889,4
4103X,662,15.765514935354437,54.35885998768299,39.16916666666666,-3.0075,4
4116I,626,15.693500424808835,58.96346644010195,38.950833333333335,-3.741944444444445,4
4121,626,16.489316057774,55.7892948173322,38.98916666666667,-3.9202777777777778,4
4138Y,900,15.216110860748087,56.05588102748986,38.7375,-3.0044444444444443,4
4147X,700,15.981920783645657,49.58666950596252,38.75055555555556,-3.391388888888889,4
4148,804,15.232984510675582,45.814958399019275,38.51805555555556,-3.5666666666666664,4
4193Y,587,16.236505652673824,56.20422432648686,39.21694444444445,-4.282777777777778,4
4195E,651,15.57093525179856,60.726618705035975,39.32083333333334,-4.3950000000000005,4
4210Y,718,16.029332574895715,57.44847244540923,38.89805555555556,-4.291944444444444,4
4220X,531,16.17940501131977,54.78824618738395,39.08361111111111,-4.621944444444445,4
4236Y,689,16.27119199029823,58.69065611889243,39.45055555555556,-5.026388888888889,4
4244X,447,17.43378532699219,50.8003047780214,39.16944444444445,-5.062222222222222,4
4245X,660,16.56228762365811,57.21314237573715,39.45527777777778,-5.333333333333333,3
4260,542,16.103597966366838,59.30915134923739,38.47972222222222,-5.5775,4
4263X,575,16.133255086071987,57.11619718309859,38.409444444444446,-5.350555555555555,4
4267X,551,16.655053720652607,56.617927796757456,38.498333333333335,-5.121388888888888,4
4300Y,535,18.168519968676588,55.5700861393892,38.775277777777774,-4.845277777777778,4
4325Y,459,18.1875,54.12591240875913,38.74194444444444,-5.529166666666667,4
4339X,590,16.623378264532434,60.124684077506316,39.314166666666665,-5.368888888888889,4
4340,313,17.782922052487272,58.74265569917744,39.10333333333333,-5.461388888888889,4
4347X,413,17.8066793088917,55.7275600505689,39.282777777777774,-5.710277777777778,4
4358X,274,18.35064705882353,53.94705882352941,38.95555555555556,-5.880555555555556,4
4362X,474,16.594296116504854,60.79247572815534,38.57638888888889,-5.845833333333333,4
4386B,655,17.091879942942192,54.224620997792506,38.23166666666667,-6.016944444444444,4
4395X,430,16.575107547907706,56.80027286542745,38.55166666666666,-6.306666666666667,4
4410X,228,17.803462441314554,61.8014475743349,38.91583333333333,-6.385555555555556,4
4411C,467,17.01875978090767,57.595657276995304,39.1975,-6.231111111111111,4
4427X,433,16.863189826583042,58.431515369122394,38.42583333333333,-6.4366666666666665,4
4436Y,371,17.49929605005866,58.74579585451701,38.68888888888888,-6.361111111111111,4
4452,186,18.08564724286273,60.17129448572546,38.88333333333333,-6.813888888888889,4
4464X,283,17.17386796445197,62.812103258569614,39.18194444444444,-6.995277777777778,1
4468X,392,16.63701095461659,61.38341158059468,39.17666666666666,-6.600833333333333,1
4478X,174,17.868322252639814,62.73562768869769,38.88611111111111,-7.009444444444444,4
4486X,275,17.541698630136985,62.066849315068495,38.6975,-7.084444444444444,4
4489X,170,17.548394160583943,63.51459854014598,38.484722222222224,-7.281944444444444,1
4492F,377,16.98115118577075,61.14723320158103,38.47277777777778,-6.923333333333334,1
4497X,247,17.60988909426987,60.935536044362294,38.37222222222222,-7.158055555555556,1
4499X,771,15.72939949627166,59.22746919518956,38.081388888888895,-6.271944444444444,4
4501X,602,16.621906507791017,57.68927589367553,38.20861111111111,-6.311388888888889,4
4511C,381,17.082520547945204,56.184383561643834,38.29861111111111,-6.765,4
4520X,586,15.093537787513691,63.64895947426068,38.17833333333333,-6.661666666666667,1
4527X,267,16.329104887424492,62.67105985722131,37.98027777777778,-6.975833333333333,1
4541X,60,18.8722333000997,62.93369890329013,37.55361111111111,-7.52,1
4549Y,3,18.886712148731384,66.11754966887418,37.19472222222222,-7.395,1
4554X,15,17.29711974424942,73.11646214225114,37.21833333333333,-7.083611111111111,1
4560Y,572,17.607119386637457,56.41894852135816,37.86861111111112,-6.675000000000001,1
4575X,280,17.84372666168783,61.96676624346527,37.57527777777778,-6.767777777777778,1
4584X,270,18.57490923541623,57.64294403892944,37.73166666666667,-6.942222222222222,1
4589X,276,18.272139197267293,63.17826643894107,37.59777777777778,-7.1194444444444445,1
4608X,415,18.10634028892456,56.010634028892454,37.67722222222222,-6.630000000000001,1
4622X,145,18.361948818897638,60.38877952755905,37.450833333333335,-6.636666666666666,1
4642E,18,19.08476854156297,64.37182677949228,37.27833333333333,-6.911666666666667,1
5000C,87,19.32221081451061,72.34188911704312,35.88861111111111,-5.3469444444444445,1
5038X,782,18.148527271636144,54.49464803703923,37.91583333333333,-3.003888888888889,4
5038Y,799,17.29017569059267,54.87068219731059,37.91583333333333,-3.003888888888889,4
5047E,785,15.246491228070175,56.37876743139901,37.505833333333335,-2.735,4
5051X,1100,13.926213311262567,53.13675435924805,37.86138888888889,-2.6527777777777777,4
5060X,1190,13.514711690363349,57.25551585896877,37.86083333333333,-2.228055555555556,4
5103E,2152,7.94297520661157,54.94793388429752,37.15833333333333,-3.2569444444444446,3
5103F,1534,14.200145985401461,48.28759124087591,37.19111111111111,-3.253888888888889,4
5107D,1197,14.371980360082295,49.243866672238724,37.18,-2.986388888888889,4
5164B,771,17.51033852991253,55.84641596997311,37.99666666666667,-3.4619444444444447,4
5165X,910,16.029143422285777,56.41048610558519,37.78083333333333,-3.563611111111111,4
5181D,580,17.21869853987088,58.970996631940054,38.31472222222222,-2.8897222222222223,4
5192,862,16.01185397867104,47.14561115668581,38.48916666666667,-2.6375,4
5210X,680,17.048421183605832,56.36873843178455,38.175,-2.998055555555556,4
5246,770,16.91668981169265,51.923509226001165,38.34444444444445,-3.535277777777777,4
5270B,580,18.407808308156298,50.70836144835605,37.7775,-3.8091666666666666,4
5279X,515,18.698835732430144,52.55292125317528,38.15111111111111,-3.6294444444444447,4
5281X,345,19.305366710188324,53.56984050521076,38.09305555555556,-3.7825,4
5298X,202,18.334658688807878,55.63360057073602,38.02305555555555,-4.0633333333333335,4
5304Y,665,17.01771689497717,56.60913242009133,38.66888888888889,-4.059166666666666,4
5341C,710,16.25562414266118,55.62620027434842,38.428888888888885,-4.301666666666667,4
5346X,720,17.154103790945896,58.47221297937245,38.18666666666666,-4.2725,4
5361X,155,18.713903182365137,60.393472601132615,38.013333333333335,-4.330277777777778,4
5390Y,750,16.342532581895032,54.2507925325819,38.33305555555556,-4.608888888888888,4
5394X,525,17.170786131136285,59.43391692413319,38.020833333333336,-4.796666666666667,4
5402,90,19.382594417077176,57.30651340996169,37.848888888888894,-4.846666666666667,4
5406X,908,15.590075337778112,58.149877264576396,37.4975,-3.9080555555555554,4
5412X,550,17.21730543605788,56.25420414548299,37.484722222222224,-4.207777777777778,4
5427X,650,17.63803436516299,53.60900652995612,37.55611111111111,-4.353888888888888,4
5429X,275,18.612321295591336,57.32726648351648,37.81027777777778,-4.462222222222223,4
5459X,465,16.514561513437236,59.54754155019559,38.11111111111112,-4.928611111111112,4
5470,120,19.387296496887583,55.42083086630054,37.75305555555556,-5.100555555555555,4
5473X,581,16.858576642335766,57.628832116788324,38.26777777777777,-5.686111111111112,4
5511,3092,3.3709359605911327,53.080049261083744,37.06444444444444,-3.3713888888888888,3
5514,687,16.366289675300987,53.09613279824882,37.13722222222222,-3.631388888888889,4
5514Z,695,17.382875937295147,51.93509935159592,37.13611111111111,-3.633333333333333,4
5515D,1258,14.73598263408226,59.9273954204439,37.23694444444445,-3.5505555555555555,4
5515X,775,17.936459589680343,51.74036780631052,37.189722222222215,-3.595555555555556,4
5516D,2856,5.502474793767186,54.26119319788465,37.06305555555555,-3.3869444444444445,3
5530E,560,16.938693123503253,55.709544988026,37.19027777777777,-3.789722222222222,4
5582A,760,18.143410760937808,45.96015583574768,37.16111111111111,-4.152777777777779,4
5598X,465,17.99101906158358,52.537390029325515,37.23083333333334,-4.547777777777777,4
5612B,410,17.42317955510598,55.353769658937594,37.19444444444444,-4.77,4
5612X,450,18.215696071674707,55.900585802894554,37.27027777777778,-4.826944444444444,4
5624X,309,18.102693056456847,58.9769630110318,37.48194444444445,-4.685833333333334,4
5625X,200,18.158170148968626,62.22618836029272,37.63861111111111,-4.763888888888889,4
5641X,130,19.25520855399637,57.08216004519359,37.51611111111111,-5.085,4
5654X,200,17.074720447284346,62.852835463258785,37.78666666666666,-5.371111111111111,1
5656,165,19.205891983735864,59.46505847953216,37.49722222222222,-5.433055555555556,4
5702X,50,19.22218177751722,57.34855844317222,37.56555555555556,-5.740555555555556,1
5704B,550,15.91870429950278,60.39997075168178,37.92638888888889,-5.769722222222222,1
5726X,720,16.53296053867428,59.32640103694804,38.09944444444445,-5.819166666666667,4
5733X,450,17.828763127187866,57.690457910052416,37.79111111111111,-6.075,1
5769X,618,16.480357723577235,61.217015943154124,37.97361111111111,-6.322222222222222,4
5783,34,19.768752132541017,57.7928618576963,37.41666666666666,-5.879166666666667,1
5788X,84,19.663015184381777,60.79045553145336,37.361666666666665,-6.059722222222222,1
5790Y,9,20.108785018270403,61.124238733252135,37.36416666666667,-6.005833333333333,1
5796,87,18.741750405186387,59.10259319286872,37.16444444444444,-5.6113888888888885,1
5835X,76,18.783350586611455,63.29468599033817,37.36,-6.3341666666666665,1
5858X,5,17.896377654931626,69.78760546988653,36.98861111111111,-6.443055555555556,1
5860E,41,17.738657549032446,72.56791709412751,37.09805555555556,-6.738055555555556,1
5891X,105,19.372470489038786,62.46859190556492,36.95333333333333,-5.846666666666667,1
5906X,10,18.559874608150473,75.66046238244515,36.75,-6.400555555555556,1
5910,21,19.001742160278745,67.96963663514187,36.638888888888886,-6.3325,1
5911A,913,15.551831107281345,61.04567745151279,36.76055555555556,-5.3741666666666665,3
5919X,530,18.20281717888101,55.473207249802996,36.931666666666665,-5.259444444444444,4
5941X,295,18.13716744913928,59.826877934272304,36.72944444444445,-5.512222222222222,1
5950X,105,19.313807708598052,60.367217280813215,36.66388888888888,-5.783333333333333,1
5960,27,18.589826642335765,65.05588503649635,36.75055555555556,-6.055833333333333,1
5972X,28,19.27786436394271,68.67712721145746,36.46555555555556,-6.205555555555556,1
5973,2,19.592748240813137,70.9689210320563,36.49972222222223,-6.257777777777778,1
5983X,70,18.554653828519026,67.51352590554791,36.40611111111111,-5.920277777777778,1
5995B,186,19.02782938587589,64.9456262987065,36.24555555555556,-5.965,1
5996B,4,19.08733804475854,75.27615162260625,36.18472222222222,-5.9094444444444445,1
5998X,255,20.029161747343565,53.277253049980324,37.24333333333333,-5.1125,4
6000A,52,19.905316653635655,68.85828772478499,35.27638888888889,-2.956388888888889,1
6001,32,18.24768712969535,79.65292480841447,36.013888888888886,-5.598888888888888,1
6032B,766,10.8,69.46163209197653,36.74972222222223,-5.168333333333334,1
6032X,760,16.794360049824146,56.71087321201859,36.75,-5.168611111111112,4
6040X,315,17.46008010826475,67.37436811270098,36.54444444444445,-5.386388888888889,1
6042I,42,17.945466048080977,68.91522564318853,36.43555555555555,-5.3950000000000005,1
6045X,676,18.09245893479343,56.99054255848681,36.6325,-5.203055555555555,1
6050X,594,16.529603137978775,63.59206275957545,36.51861111111111,-5.318611111111111,1
6056X,1,18.665099557522122,76.86762536873157,36.27305555555555,-5.2844444444444445,1
6057X,140,19.22344460900821,67.6225499837646,36.37833333333333,-5.26,1
6058I,19,19.757086567143862,58.94424845039889,36.41694444444444,-5.155,1
6069X,392,18.18559921246013,61.038595166261864,36.54361111111111,-5.024722222222223,1
6076X,2,18.89143173748112,68.87624035281146,36.48444444444444,-4.953055555555555,1
6083X,2,19.24425205949767,72.8457036985109,36.48333333333333,-4.740277777777778,1
6084X,8,19.80651491106262,73.5798379348337,36.53861111111111,-4.618333333333334,1
6088X,85,19.57373349660333,60.104347062076975,36.62055555555556,-4.515,1
6100B,515,18.78977493757821,52.08992616332755,37.02388888888889,-4.5625,4
6106X,408,18.16387927627077,58.738386275101696,37.02944444444445,-4.748333333333333,4
6127X,172,19.153604234153512,57.99860686112329,36.85472222222222,-4.696666666666667,1
6143X,230,19.933006386861315,54.210697465702175,36.657777777777774,-4.760833333333333,1
6155A,7,19.24641119221411,62.34518241199347,36.66611111111111,-4.482222222222222,1
6156X,54,20.001536939388107,61.28631893743026,36.717777777777776,-4.4816666666666665,1
6172O,25,16.508,61.0,36.71666666666667,-4.419722222222222,1
6172X,25,19.816118714927523,62.910186199342824,36.71666666666667,-4.419722222222222,1
6175X,7,21.080645161290324,62.76019476567255,36.715,-4.286111111111111,1
6199X,41,21.487773722627736,60.824817518248175,36.76861111111111,-4.093611111111111,1
6201X,35,18.57559796405625,66.46176330423405,36.755833333333335,-4.043888888888889,1
6205X,3,19.770067558736034,70.59969029096278,36.72638888888889,-3.957222222222222,1
6213X,169,19.467363889963423,64.59967141292442,36.76277777777778,-3.845277777777778,1
6248D,1732,12.021444695259593,48.763718284837594,36.95222222222223,-3.430277777777777,5
6258X,708,15.886645897730785,61.09674152046115,36.92305555555555,-3.4925,1
6267X,20,18.434630739077253,68.6011567802243,36.748333333333335,-3.578611111111111,1
6268X,12,16.665817367437295,77.03549274517992,36.72277777777778,-3.5302777777777776,0
6268Y,3,19.76685187965262,66.77246415830521,36.723888888888894,-3.529166666666667,1
6272X,235,19.19167731102896,61.498804126334534,36.73416666666667,-3.38,1
6277B,8,19.707683680696107,68.65917255585458,36.74722222222222,-3.020555555555556,1
6281X,1020,17.462627527974735,47.09935116036015,37.00527777777778,-3.071388888888889,4
6291B,98,20.743158182813357,60.16885604816639,36.77472222222222,-2.813055555555555,1
6293X,3,19.07558509215851,72.09878832083511,36.68694444444444,-2.7016666666666667,1
6299I,2300,8.0948,58.144,37.09583333333334,-2.9644444444444447,3
6302A,869,17.388667959643815,48.724235570477084,37.14138888888889,-2.78,4
6307C,1713,14.863186813186813,47.637362637362635,37.05305555555555,-2.897222222222222,4
6307X,1510,14.275522917175905,49.829595366259326,37.03333333333333,-2.9125,4
6312E,601,20.229888268156426,48.43016759776536,37.020833333333336,-2.677222222222222,4
6325O,21,19.89947179288317,64.89575729927007,36.84638888888889,-2.3569444444444447,1
6329X,42,20.167330943914514,69.09287717036008,36.721944444444446,-2.1930555555555555,1
6332X,16,19.949957124406072,66.80641944898188,36.98027777777778,-1.903611111111111,1
6332Y,222,19.874360370858778,66.31432681705536,36.94222222222222,-1.9069444444444443,1
6335O,970,18.28150183150183,48.5970695970696,37.11,-2.6991666666666667,4
6340X,7,19.01329276856273,72.76949744701834,37.178888888888885,-1.8166666666666669,1
6364X,508,19.173601877199843,53.270825185764565,37.406666666666666,-2.151388888888889,4
6367B,300,18.536815796489787,47.370442468557776,37.39055555555556,-1.9436111111111112,4
6375X,420,17.44839161863551,54.93483097319347,37.13222222222223,-4.741944444444444,4
6381,15,16.859906934013356,63.12667405272068,35.93833333333333,-3.036111111111111,2
7002Y,32,19.956070287539937,55.57097215883159,37.41722222222222,-1.5869444444444445,1
7007Y,66,20.257393209200437,64.54271631982475,37.58805555555556,-1.2305555555555556,1
7012C,17,19.63268704379562,66.96076642335767,37.60111111111111,-0.9877777777777778,1
7012D,56,18.72385125532923,67.47418285172904,37.60444444444445,-1.0233333333333332,1
7019X,3,19.763387715930904,74.3358925143954,37.63583333333333,-0.7155555555555555,1
7020C,205,18.86303395399781,58.54381161007667,37.8075,-1.1280555555555556,1
7023X,140,19.402190580503834,59.823932092004384,37.72638888888889,-1.1672222222222224,1
7026X,50,18.920986049851095,65.29210275046265,37.73888888888889,-0.9675,1
7031,4,18.597426067907996,68.12280395642935,37.78888888888888,-0.8033333333333333,1
7031X,4,19.09066265060241,69.91018619934283,37.77833333333333,-0.8058333333333334,1
7066Y,680,17.21699889258029,56.03986710963455,38.39333333333333,-2.218888888888889,4
7067Y,1485,11.536448900388097,56.32498072460664,38.08833333333334,-2.4130555555555557,4
7072Y,960,16.097393483709272,54.247368421052634,38.295,-2.2938888888888886,4
7080X,955,15.404562043795622,56.31204379562044,38.26833333333333,-1.986388888888889,4
7096B,605,17.250717905405406,55.37014358108108,38.54194444444444,-1.7030555555555555,4
7103Y,615,17.369634703196347,53.9175799086758,38.58805555555556,-1.6894444444444443,4
7119B,643,16.629187001245732,50.6278908985112,38.10305555555556,-1.8772222222222223,4
7121A,350,18.206036848294787,52.98608388867111,38.23416666666667,-1.702222222222222,4
7127X,690,17.14491591709034,58.620903654146375,38.049166666666665,-1.695277777777778,4
7138B,485,16.885412592882282,56.8592100117325,38.45888888888889,-1.3352777777777778,4
7145D,265,18.784971194613725,56.37281586077049,38.23277777777778,-1.3805555555555555,1
7158X,150,20.068635948905108,55.11587591240876,38.12805555555556,-1.3058333333333334,1
7172X,255,18.826359014470082,56.18146265154478,38.04138888888889,-1.4491666666666667,1
7178I,62,20.220802919708028,55.159671532846716,38.00194444444445,-1.1708333333333334,1
7195X,985,14.832158245201724,56.316992164491566,37.92611111111111,-2.058333333333333,4
7203A,646,17.164942980731418,53.12033031852143,37.844722222222224,-1.8697222222222225,4
7209,312,18.480646725512894,57.15983620334919,37.65472222222222,-1.6872222222222222,1
7211B,445,19.35288542544229,53.41533277169334,37.56805555555556,-1.797222222222222,4
7218Y,281,20.405474162128957,56.25421686746988,37.75861111111111,-1.5127777777777778,1
7227X,157,18.800049367234898,59.311924417362675,37.861666666666665,-1.334722222222222,1
7228,75,19.421289537712894,57.038929440389296,37.95777777777778,-1.228611111111111,1
7237E,170,19.142214236824096,58.968685831622174,38.138888888888886,-1.158611111111111,1
7244X,26,19.29972627737226,59.12712895377129,38.06777777777778,-0.9813888888888888,1
7247X,575,16.06641718190693,56.10232095662553,38.39972222222222,-1.0380555555555555,4
7250C,174,18.343655950752392,60.48632010943913,38.19444444444444,-1.033888888888889,1
7261X,31,19.22060178077986,64.96499846484495,38.08805555555556,-0.7152777777777777,1
7275C,640,16.112942357609878,53.50034174795025,38.60166666666667,-1.159722222222222,4
8005X,622,15.425696055684455,63.78963650425367,38.78,-0.7958333333333333,4
8008Y,486,15.57013725490196,62.961176470588235,38.57694444444445,-0.8655555555555555,4
8013X,233,19.25031554551967,58.627499756670346,38.38555555555556,-0.7577777777777778,1
8018X,110,19.185730565938055,59.817458923471975,38.2875,-0.6805555555555555,1
8019,43,19.23359309182814,62.79507160909857,38.282777777777774,-0.5708333333333333,1
8025,81,18.923831578947368,61.75557894736842,38.3725,-0.4941666666666666,1
8036Y,36,19.020777891504604,64.51228249744115,38.54361111111111,-0.1377777777777777,1
8050X,15,18.748768465686577,62.00765840204382,38.78416666666666,0.1666666666666666,1
8057C,60,19.902720880464692,61.40782635279731,38.84666666666667,-0.1183333333333333,1
8058X,5,17.68330760828821,68.50143898677514,38.928888888888885,-0.0958333333333333,1
8058Y,12,19.450243383024034,64.97946455734713,38.95027777777778,-0.1377777777777777,1
8059C,530,17.16429049073812,56.45284801880289,38.71083333333333,-0.46,4
8072Y,340,17.337658336186237,69.12238959260527,39.01694444444444,-0.3047222222222222,0
8084Y,1154,11.069515936703693,60.34383844241506,40.2225,-1.9258333333333333,4
8096,949,14.748357664233577,54.74756690997567,40.06722222222223,-2.1319444444444446,4
8155Y,830,14.540658449562114,59.68374959455076,39.555277777777775,-1.9152777777777776,4
8175,702,15.473448905109489,58.20042579075426,38.95416666666667,-1.856388888888889,4
8177A,880,14.58162393765573,55.84447407760622,38.9375,-1.6588888888888889,4
8178D,674,16.11854893908282,59.20294318959617,39.00555555555555,-1.8622222222222224,4
8193E,372,16.265519843594873,59.78265986616166,39.208333333333336,-1.0944444444444443,4
8198Y,710,15.05316173038162,60.11349079263411,38.85055555555556,-1.0630555555555556,4
8203O,855,15.161197437457465,60.688316309076555,39.08277777777778,-1.100833333333333,4
8210Y,1160,11.274943395526758,59.275018048872546,40.10305555555556,-1.503611111111111,4
8245Y,815,13.26236829374492,59.90815223634219,39.714444444444446,-1.4425,4
8270X,305,18.072940974605356,59.87765313242006,39.13361111111111,-0.79,1
8283X,350,17.760813453265545,62.16581931951506,38.82944444444445,-0.6077777777777778,1
8293X,88,19.124717218043745,55.08297114679636,39.001666666666665,-0.5230555555555556,1
8300X,25,18.65259677419355,64.4124193548387,39.11333333333334,-0.4458333333333333,1
8309X,758,14.777407152682255,56.36795048143053,39.57555555555556,-1.2447222222222225,4
8325X,12,17.85809239831388,61.42316817415564,39.18472222222222,-0.3719444444444444,1
8337X,186,17.65205338809035,62.68822724161533,39.39222222222222,-0.6247222222222223,1
8354X,1130,11.994924326319675,57.879291251384274,40.41972222222222,-1.4413888888888888,4
8368U,902,13.719160583941607,58.964963503649635,40.35083333333333,-1.1241666666666668,4
8376,1430,11.311720356408498,58.802636765899386,40.23611111111112,-1.4116666666666666,4
8381X,705,14.165208825847126,61.56264775413712,40.06055555555555,-1.283611111111111,4
8395X,515,16.544602032176122,56.80397967823878,39.75333333333333,-0.9936111111111112,4
8409X,198,17.932544031311156,58.53013698630137,39.66388888888888,-0.653888888888889,1
8414A,56,18.383659108678657,59.953870211102426,39.485,-0.4747222222222222,1
8416,11,19.207818608287724,60.26062653470377,39.480555555555554,-0.3663888888888889,1
8416X,6,18.431676730900893,70.8810379241517,39.47944444444445,-0.3372222222222222,1
8416Y,11,19.115459883943533,56.85779839461529,39.480555555555554,-0.3663888888888889,1
8439X,400,15.869443871103798,61.54531035953502,39.79555555555555,-0.4852777777777778,1
8446Y,24,18.239183021451392,66.83614787768143,39.700833333333335,-0.2588888888888889,1
8458X,1380,10.751411715128528,63.38528574418007,40.43055555555555,-0.8494444444444444,4
8472A,601,15.845207355242566,62.63654147104851,40.08777777777778,-0.5469444444444445,1
8486X,1515,10.929796397807362,61.870197798879445,40.3625,-0.4544444444444444,3
8489X,1130,12.220636966126657,60.630742417222656,40.43333333333333,-0.2555555555555555,3
8492X,420,16.3410780669145,60.7592936802974,40.227222222222224,-0.1697222222222222,1
8500A,43,18.705693430656932,60.800182481751825,39.95722222222223,-0.0719444444444444,1
8501,23,19.162120082924183,62.00824200953233,39.98916666666667,-0.0322222222222222,1
8503Y,35,18.43684764795408,64.43600872982225,40.21138888888889,0.183611111111111,1
8520X,1165,11.437800701672593,68.52198466855229,40.69361111111111,0.1652777777777777,3
8523X,111,17.646181556195966,53.82817002881844,40.55416666666667,0.4297222222222222,1
9001D,870,10.153464903585364,71.9621052631579,42.99194444444444,-4.160555555555556,0
9001S,1650,7.602329455128842,67.83194977889592,43.03666666666666,-4.374444444444444,0
9012E,915,10.64907343857241,73.15625101634373,42.95138888888889,-3.957222222222222,0
9016X,770,11.44085910652921,71.4585910652921,42.80972222222222,-4.032222222222222,1
9019B,720,12.022351108033241,70.04397506925208,42.80611111111111,-3.933888888888889,1
9027X,1017,10.345913925057308,73.83720751973492,42.746944444444445,-3.8844444444444446,0
9031C,730,12.182837696756055,72.20947728572357,42.559444444444445,-3.3088888888888888,1
9051,580,12.911092267343086,66.19650621284799,42.92,-3.4827777777777778,1
9060X,910,10.779822650902302,76.46779713752333,42.875277777777775,-3.231666666666667,0
9069C,460,13.950194426441998,68.70333765392094,42.68722222222222,-2.960555555555556,1
9073X,660,12.325787221033323,76.2253133598288,42.82972222222222,-2.3597222222222225,0
9091O,513,12.495840933965706,75.27836556001459,42.88194444444444,-2.735,0
9091R,513,12.59992396593674,74.68689172749392,42.871944444444445,-2.7327777777777778,0
9111,820,11.924508795256067,65.81754826950294,42.42111111111111,-3.1702777777777778,1
9115X,1630,7.879002493765586,70.06183160691934,42.255,-2.968055555555556,0
9121X,465,14.047512551346417,67.08831583751711,42.57527777777778,-2.854722222222222,1
9122I,612,13.446146830825354,67.937528499772,42.60388888888889,-2.7766666666666664,1
9136X,1006,11.073083941605839,71.36998175182482,42.23083333333334,-2.871111111111111,0
9141V,500,13.945189238486092,67.19790241678066,42.41388888888888,-2.7266666666666666,1
9145X,575,13.105124378109453,69.29751243781095,42.56722222222223,-2.6327777777777777,1
9145Y,429,14.479534246575342,65.71013698630136,42.48277777777778,-2.6394444444444445,1
9170,353,14.785994525547446,65.02440693430657,42.45222222222223,-2.331111111111111,1
9171K,470,14.486861313868614,65.75615875912409,42.57027777777778,-2.1838888888888888,1
9178X,570,13.06781981085117,71.63613738178198,42.67055555555555,-2.3461111111111115,1
9188,855,12.33535175879397,62.537939698492465,42.14944444444444,-2.273333333333333,1
9195C,2276,4.278471556811787,75.98170806026334,42.793055555555554,-0.5052777777777778,3
9198X,1197,10.41313269493844,71.58827617962976,42.74944444444444,-0.5161111111111111,0
9201K,823,12.506812652068128,57.840328467153284,42.57888888888889,-0.5469444444444445,4
9201X,832,13.113972602739727,64.85205479452055,42.57972222222222,-0.545,3
9207,860,11.879146141215108,62.678434592227696,42.74055555555556,-0.7505555555555555,3
9208E,1025,12.679775538250114,56.18850206138342,42.70861111111111,-0.6727777777777777,3
9211F,722,13.637057356608478,62.70773067331671,42.51416666666667,-0.8172222222222222,3
9218A,838,11.531675824175824,72.08846153846154,42.8625,-0.9247222222222222,0
9228J,635,12.391570969223702,72.20509875976114,42.89611111111111,-1.300277777777778,0
9228T,947,10.250504124656278,82.6954628780935,43.007777777777775,-1.3255555555555556,0
9238X,612,12.414908675799088,69.27288766068561,42.7175,-1.1172222222222223,1
9244X,626,13.507209158415842,63.132116336633665,42.490833333333335,-1.2133333333333334,4
9245X,440,14.579368932038836,64.51907073509015,42.521388888888886,-1.3663888888888889,1
9252X,390,14.141015430562469,62.47851708028857,42.48916666666667,-1.6555555555555554,1
9257X,615,12.186914181375531,82.49604382227632,42.97055555555556,-1.5169444444444444,0
9262,450,14.475745595955347,68.25295201858151,42.81777777777778,-1.6383333333333332,1
9262P,585,13.060926234054353,70.06849694952857,42.70111111111111,-1.4955555555555555,1
9263D,459,14.204968701095462,67.99921752738655,42.776944444444446,-1.65,1
9263X,572,13.286690186016678,70.89191789608724,42.77611111111111,-1.5325,1
9274X,432,13.454199634814364,72.10986001217286,42.91888888888889,-1.835,0
9280B,375,14.257358402971215,66.7453574744661,42.54944444444444,-1.8575,1
9283X,268,14.149715909090908,61.41619318181818,42.206944444444446,-1.7113888888888888,4
9287A,1096,10.252748361069088,61.06303580433686,42.02638888888889,-2.230833333333333,1
9293X,371,15.735566642908054,64.35994297933,42.17611111111111,-1.743888888888889,4
9294E,295,15.504707534834337,59.950879490098,42.19861111111111,-1.475277777777778,4
9299X,475,14.647421832144817,61.70049369171695,41.915,-1.7233333333333334,4
9301X,410,14.630794205794205,60.845904095904096,41.95888888888889,-1.6905555555555556,4
9302Y,297,15.548791872597473,64.00329489291597,42.05555555555555,-1.6094444444444445,4
9321X,321,15.374031746031745,64.37142857142857,42.12111111111111,-1.1397222222222223,4
9336D,543,14.166464757709251,64.21227973568281,41.98416666666667,-0.9958333333333332,4
9344C,863,13.591158380317784,57.67606355715018,41.21638888888889,-2.293055555555556,4
9352A,1000,12.321016483516482,60.80173992673993,41.57472222222223,-2.140277777777778,4
9354X,703,14.040268790443006,58.83712356028922,41.293055555555554,-1.8952777777777776,4
9374X,1000,12.713977011494254,58.97701149425287,40.56666666666667,-1.3208333333333333,4
9377Y,1185,12.124222487424031,56.39964249233912,40.77861111111111,-1.5683333333333334,4
9381I,884,13.04904184591318,60.02659366445053,40.92611111111111,-1.2933333333333332,4
9390,774,13.756057494866528,56.76865160848734,41.114444444444445,-1.41,4
9394X,582,14.795498281786942,53.80790378006873,41.33111111111111,-1.6452777777777778,4
9427X,370,15.757647462277093,57.89780521262003,41.48111111111111,-1.3808333333333334,4
9434,249,16.85119780971937,57.03388090349076,41.660555555555554,-1.0041666666666669,4
9434P,258,16.851962809917357,51.752066115702476,41.62111111111111,-0.9347222222222222,4
9436X,1255,11.742299794661191,61.890143737166326,40.99527777777778,-1.0875,4
9445L,1800,8.37794520547945,57.99452054794521,42.7625,-0.3927777777777778,3
9451F,1850,8.672431077694236,58.29685815676398,42.70444444444445,-0.2752777777777778,3
9453X,1100,10.633707557502738,64.50819682326411,42.69916666666666,-0.3188888888888889,3
9460X,775,12.742915811088297,58.84428473648186,42.51277777777778,-0.3555555555555555,4
9491X,390,14.73944321940463,65.7188533627343,42.02944444444445,-0.5858333333333333,1
9495Y,405,15.271541095890411,61.31678082191781,41.79666666666667,-0.6172222222222222,4
9501X,535,14.910224089635856,56.42156862745098,41.44305555555555,-0.8858333333333333,4
9510X,205,16.530816746739877,59.11187371310913,41.42916666666667,-0.5038888888888889,4
9513X,800,13.724748858447489,58.407762557077625,41.03111111111111,-0.8055555555555556,4
9531Y,895,13.078082191780823,58.72974611354203,40.82861111111112,-0.7927777777777778,4
9546B,305,17.1265306122449,56.61459968602826,41.17194444444444,-0.4419444444444445,4
9550C,762,14.09870848708487,58.42158671586716,40.97444444444445,-0.4077777777777778,4
9561X,755,15.077534246575343,53.69315068493151,40.79833333333333,-0.3152777777777777,4
9562X,990,13.129585253456222,62.41254441938012,40.62166666666667,-0.1019444444444444,4
9563X,1220,11.823308619091751,52.429360015656655,40.49861111111111,-0.1866666666666666,4
9569A,466,16.111658986175115,50.496334789646504,40.946666666666665,-0.2377777777777777,4
9573X,334,14.982405956112853,59.992163009404386,41.05805555555556,-0.1416666666666666,4
9574B,215,17.6872591006424,57.859743040685224,41.2425,-0.0686111111111111,4
9576C,357,14.040690978886756,62.79654510556622,41.52194444444444,-0.1741666666666666,4
9585,1699,8.28766550522648,62.87770034843206,42.3325,1.9394444444444443,3
9590,1038,11.62886723507917,60.98355663824604,42.36222222222222,1.6933333333333334,4
9590D,1940,7.774281626325669,62.987204730868136,42.430277777777775,1.6674999999999998,3
9619,677,12.950788211103497,59.55551747772447,42.35472222222222,1.4627777777777775,4
9632X,1196,11.158853754940711,63.96521739130435,42.23027777777778,1.5694444444444444,3
9638D,609,13.577290519748628,63.68406158269974,42.15444444444445,1.3119444444444446,4
9647X,435,13.477454744925947,67.15743280307186,41.80583333333333,1.3955555555555554,4
9650X,400,14.494309190505174,63.93274497869751,41.88138888888889,1.1086111111111112,4
9657X,952,11.253437477219373,61.32257091235289,42.625,1.126111111111111,4
9660,1907,7.523000470803998,63.03720840532894,42.58083333333334,1.0075,3
9677,2410,6.499828245878555,67.26558995556549,42.41,1.2147222222222225,3
9689X,1273,10.975492880613363,64.22702011640341,42.46638888888889,0.9908333333333332,3
9698U,807,13.919564017660043,54.92439293598234,42.20472222222222,0.8647222222222222,4
9707,515,15.012584684084358,54.195314319625325,42.066944444444445,0.9072222222222224,4
9718X,463,15.214537755822159,64.42095977417078,41.68111111111111,1.2230555555555558,4
9720X,388,15.125309252486337,56.49959837904459,41.65055555555556,1.1494444444444445,4
9724X,520,14.695384345383864,63.98880925622958,41.873333333333335,0.7561111111111111,4
9726E,657,12.33105239073029,70.32395022474896,41.55722222222222,1.3094444444444444,4
9729X,252,16.189453717754173,66.28502781992918,41.61694444444444,0.8666666666666667,4
9744B,1089,11.298388998035364,63.40547559981989,42.50333333333333,0.7988888888888889,3
9751,760,13.81919413919414,58.31098901098901,42.31861111111112,0.7469444444444444,4
9756X,765,13.417911615174031,62.775322643723115,42.1125,0.48,4
9771C,186,16.399061400078217,62.90653109112241,41.62611111111112,0.5980555555555556,4
9772X,673,14.989256386861312,61.23882299270073,41.36611111111111,0.9136111111111112,4
9775X,392,15.773272311212814,63.755148741418765,41.41361111111111,0.6783333333333333,4
9776D,488,15.550124487601169,64.84360531591622,41.39333333333333,0.7341666666666666,4
9784P,992,12.015219092331769,65.30535993740219,42.63,0.2247222222222222,3
9808X,610,14.298331370239497,64.81821751079701,42.42166666666667,0.1380555555555555,4
9812M,1206,12.391522988505747,65.7478448275862,42.655277777777776,-0.0991666666666666,3
9814I,1905,7.7175612988734255,65.28124013229436,42.65611111111111,-0.1244444444444444,3
9814X,1076,13.8305589148005,60.71672345405328,42.6375,-0.1119444444444444,3
9838B,1120,10.846221613155834,64.24608252736301,42.59944444444445,0.5205555555555557,3
9839V,2374,4.967019867549669,67.89549750850725,42.555,0.5430555555555555,3
9843A,825,12.92736193518941,65.23094477407577,42.47694444444445,0.4341666666666667,3
9855E,600,13.606827073552427,61.77171361502347,42.20138888888889,0.4661111111111111,4
9866C,305,15.199432485322898,62.519765166340505,42.021388888888886,0.1405555555555555,4
9894Y,300,15.64938412408759,63.971943430656935,41.799166666666665,-0.1608333333333333,4
9898,546,14.871368421052631,62.1578947368421,42.08444444444444,-0.3255555555555555,4
9901X,463,15.52787408759124,60.18042883211679,42.138888888888886,-0.395,4
9908X,380,15.497503930817611,60.290683962264154,41.77388888888889,-0.3330555555555555,4
9911X,178,16.14002298850575,63.088735632183905,41.61944444444445,0.1877777777777777,4
9918Y,218,15.2813184079602,68.07619965685433,41.78083333333333,0.3769444444444444,4
9924X,170,17.10098630136986,62.74931506849315,41.52472222222222,0.3555555555555555,4
9935X,483,14.610950721752117,64.67322050771529,40.873333333333335,0.1463888888888889,1
9946X,495,15.912560492740871,60.93576770787506,40.95305555555556,0.3116666666666666,1
9947X,370,16.46002747252747,62.62362637362637,41.17722222222222,0.3533333333333333,4
9961X,363,16.942368708971554,62.38512035010941,41.24944444444444,0.7352777777777777,4
9975X,112,16.940693604622403,66.92071106094808,41.005,0.6136111111111111,1
9981A,50,18.9284435604177,60.25708602685231,40.82027777777778,0.4933333333333333,1
9987P,1,17.604570043032698,73.2868674708549,40.69916666666666,0.81,1
9988B,2467,3.541275545787889,68.75423262087597,42.69194444444444,0.9738888888888888,3
9990X,1161,10.667447363471629,65.09890389597913,42.70027777777778,0.8769444444444445,3
9994X,722,12.002283653846153,73.0634014423077,42.77611111111111,0.6897222222222222,0
9995Y,334,14.258026755852844,75.47129319955407,43.09111111111111,-1.3008333333333333,0
9998X,1006,12.098143015521064,61.951219512195124,40.921388888888885,-1.4944444444444445,4
B013X,490,15.000332778702163,69.02995008319468,39.82333333333334,2.8858333333333333,0
B051A,5,18.0067843866171,70.03438661710037,39.79555555555555,2.691388888888889,1
B087X,60,18.52568143100511,69.50191652470187,39.689166666666665,2.512777777777778,1
B103B,52,17.368972491909386,68.6779935275081,39.57944444444445,2.368888888888889,1
B158X,50,17.333312538989393,69.90548970679976,39.55138888888889,2.466388888888889,1
B228,3,19.209351432880844,70.26093514328808,39.55416666666667,2.625277777777778,1
B236C,95,17.111213235294116,69.72683823529412,39.64222222222222,2.6438888888888887,1
B248,1030,13.162852822580644,70.54624126337059,39.735,2.713055555555556,3
B275E,47,19.41672335600907,65.00340136054422,39.60583333333334,2.706666666666667,1
B278,5,17.306706281833616,68.38857219284162,39.56083333333333,2.736666666666667,1
B301,113,18.779371859296482,70.01959798994974,39.37972222222222,2.785,1
B334X,140,18.097615293653924,68.8730784391013,39.49555555555556,2.8916666666666666,1
B341X,149,18.687872665017462,69.1579784931927,39.50611111111111,3.0055555555555555,1
B346X,120,18.04210872334233,64.10053475935828,39.52166666666667,3.0191666666666666,1
B362X,40,17.175205479452053,72.90730593607306,39.40583333333333,3.0641666666666665,1
B373X,3,17.265503080082137,73.2943189596167,39.35111111111111,3.0119444444444445,1
B398A,165,18.181942789034565,73.41835518474375,39.13555555555556,2.936666666666667,1
B410B,45,18.272648941099256,71.66021026961495,39.34,3.145833333333333,1
B434X,17,18.8221116740457,72.43161007078383,39.41444444444444,3.2716666666666665,1
B496X,25,18.03065134099617,73.61974502313788,39.63027777777778,3.383611111111111,1
B526X,110,17.86508515815085,71.56756408388108,39.68861111111111,3.351111111111112,1
B569X,57,19.749075144508673,74.90461824991571,39.71666666666667,3.478055555555556,1
B603X,99,18.75661859403275,68.67301587301587,39.723055555555554,3.278611111111111,1
B605X,2,17.63663017982799,73.12842064112589,39.79666666666667,3.104722222222222,1
B614E,100,17.759840182648404,71.44199593147682,39.55694444444444,3.217777777777778,1
B640X,95,18.245543584720863,69.05484818805093,39.61638888888889,3.121111111111111,1
B644B,120,17.47214463840399,64.3640897755611,39.64333333333333,3.002222222222222,1
B656A,121,17.5831714527027,64.97516824483205,39.6525,2.8002777777777776,1
B662X,105,17.874064837905237,67.56608478802993,39.67805555555555,2.8738888888888887,1
B684A,842,12.874986316365625,73.10180623973727,39.79277777777778,2.787777777777777,0
B691,40,17.975297303290127,67.36604600667991,39.748333333333335,3.015277777777778,1
B691Y,32,17.861530218602656,65.88783135599724,39.74916666666667,3.0166666666666666,1
B760X,45,18.4839596700275,68.03093492208983,39.87694444444445,3.0241666666666664,1
B780X,2,18.82352067512571,72.50459595848406,39.909444444444446,3.100277777777778,1
B800X,78,18.829645653069633,78.020763281825,39.87611111111112,4.323888888888889,1
B825B,80,18.151651459669893,71.92863102627338,39.99055555555556,4.086388888888888,1
B860X,20,18.45053257730943,69.79936617686025,39.99277777777778,3.853888888888889,1
B870C,43,17.424329144589816,70.78823836370408,39.94472222222222,3.956666666666667,1
B893,91,17.863291634089133,71.95758405003909,39.85472222222222,4.215555555555556,1
B908X,110,17.435346889952154,69.80003987240829,39.05611111111111,1.4925000000000002,1
B925,32,18.59295935625249,69.49398043671565,38.96305555555556,1.321388888888889,1
B954,6,18.459362783424552,70.7642689601251,38.87638888888889,1.3844444444444444,1
B957,3,18.50757159670459,68.04590035307965,38.922777777777775,1.4413888888888888,1
B986,24,19.353354593235814,71.71971074295924,38.69361111111111,1.463611111111111,1
C018J,376,18.99890410958904,73.19817351598174,28.96972222222222,-13.690277777777778,2
C019V,6,21.13344733242134,67.05243958048335,28.85888888888889,-13.835,2
C029O,14,21.958111806098515,63.510946051602815,28.951944444444443,-13.600277777777777,2
C038N,277,19.231550068587108,72.53246456332876,29.14361111111111,-13.489166666666666,2
C048W,275,18.989072543617997,74.15840220385675,29.0425,-13.680833333333332,2
C101A,2223,12.123427529626253,38.86007292616226,28.75583333333333,-17.89527777777778,5
C117A,684,17.28577114427861,69.25273631840795,28.760555555555555,-17.985555555555557,2
C117Z,733,17.65536194827765,69.32097554682917,28.674722222222226,-17.936666666666667,2
C126A,844,16.61397357723577,63.884654471544714,28.653888888888886,-17.853055555555557,2
C129V,19,21.803745600804426,68.01885369532428,28.455,-17.84111111111111,2
C129Z,62,22.01784618845192,65.63243835142968,28.59583333333333,-17.915277777777778,2
C139E,33,21.043194352728595,69.73608407748215,28.63305555555556,-17.755,2
C148F,362,18.410188261351053,75.38067552602436,28.804722222222225,-17.78222222222222,2
C229J,15,22.208049738219895,60.390488656195465,28.049166666666668,-14.358055555555556,2
C239N,1,21.802721088435373,64.21556122448979,28.20861111111111,-14.023055555555556,2
C248E,252,19.87482887367766,66.869321717486,28.416944444444447,-14.019166666666669,2
C249I,25,21.403934652554074,67.82512655315233,28.44472222222222,-13.863055555555556,2
C258K,217,19.707070063694268,70.0072186836518,28.6125,-13.931666666666668,2
C314Z,1474,14.083290949954634,63.879892224285435,28.106944444444444,-17.249166666666667,5
C316I,916,16.90222912516688,66.975258459683,28.12833333333333,-17.315,2
C317B,765,16.64385106382979,80.2872340425532,28.17888888888889,-17.213055555555556,2
C319W,190,21.27706338349293,67.3780209758322,28.054166666666667,-17.30638888888889,2
C328W,252,19.215538033395173,73.24257884972171,28.16361111111111,-17.194166666666668,2
C329B,219,21.19803503787879,65.12263257575758,28.031666666666663,-17.210833333333333,2
C329Z,15,22.19343415913879,70.23475671365632,28.08972222222222,-17.11138888888889,2
C406G,2150,12.787704472953182,30.75360622252732,28.224166666666665,-16.62611111111111,5
C412N,2071,14.607711693548387,35.41762327577955,28.21972222222222,-16.705277777777777,5
C415A,990,16.35150254276468,67.78692211215194,28.30527777777778,-16.805555555555557,2
C417J,735,17.577348449791764,69.48395131651604,28.23333333333333,-16.789166666666667,2
C418I,476,19.52313467855467,69.12386125098999,28.21444444444444,-16.789722222222224,2
C418L,700,19.110791826309068,65.31010676016463,28.200277777777774,-16.763055555555557,2
C419L,403,20.511892362070743,64.10140845070423,28.20694444444444,-16.791944444444447,2
C419X,130,21.739443684450524,62.412595064398396,28.08138888888889,-16.710555555555555,2
C422A,1833,14.558591940713294,48.206301027322006,28.17194444444445,-16.65138888888889,5
C423R,1654,15.227590194264572,48.77819503935264,28.224166666666665,-16.52111111111111,5
C426E,1258,15.309818941504178,62.37065274406501,28.144166666666667,-16.628055555555555,5
C426I,880,17.21050884955752,66.64747023022592,28.126944444444444,-16.605833333333333,2
C426R,930,17.34582366589327,65.0216955987458,28.216944444444444,-16.490555555555556,2
C428T,418,19.398495212038302,67.5656634746922,28.180833333333336,-16.48333333333333,2
C428U,135,21.16321287408244,68.10099587212856,28.13111111111111,-16.472499999999997,2
C429I,64,22.398283582089554,61.25671641791045,28.04694444444445,-16.561111111111114,2
C430E,2369,11.043958048335615,38.71773825809394,28.308333333333334,-16.499722222222225,5
C436I,290,20.273622047244096,66.71775679995991,28.32638888888889,-16.405555555555555,2
C436L,525,19.528067700987304,64.23112875163737,28.370555555555555,-16.3975,2
C437E,500,19.217207074428888,66.54940942329962,28.26972222222222,-16.419722222222223,2
C438N,463,18.844163246694027,64.54696762425901,28.359166666666667,-16.401666666666664,2
C439J,115,20.51433458775231,63.95272720365004,28.31833333333333,-16.38222222222222,2
C446G,868,16.311463331048664,76.64067854694997,28.52638888888889,-16.280277777777776,2
C447A,632,17.5025538124772,75.24972637723458,28.4775,-16.329444444444444,2
C448C,136,21.196954496596202,62.991124799332695,28.4625,-16.273333333333333,2
C449C,36,22.386281217926786,59.96732808758125,28.46333333333333,-16.255277777777778,2
C449F,19,21.9978411618623,63.212079592464576,28.508055555555558,-16.195555555555554,2
C449Q,305,18.49765987025023,74.60424341444848,28.56,-16.228055555555553,2
C453I,1744,12.624530563324011,57.75841066986905,28.39472222222222,-16.433333333333334,5
C455M,1065,13.826430842607314,73.11800458347669,28.361666666666668,-16.496944444444445,2
C456E,922,15.08060368921185,74.08388338889063,28.453888888888887,-16.40861111111111,2
C456P,906,14.6587890625,76.62227881200866,28.36138888888889,-16.546666666666667,2
C456R,551,17.16021146355036,75.90869837003947,28.372777777777777,-16.541944444444447,2
C457E,650,15.883697674418602,76.93366804039074,28.449444444444445,-16.438055555555557,2
C457I,567,17.055745554035568,72.87870497036023,28.434444444444445,-16.454444444444444,2
C458A,310,19.276734897653522,70.67498751872192,28.49638888888889,-16.42,2
C458U,595,16.2595676369863,79.95712182956287,28.36861111111111,-16.578055555555554,2
C459Z,25,21.627486187845303,70.34149289343112,28.41805555555556,-16.548333333333336,2
C466O,878,15.181984989373037,77.47278651429247,28.339166666666664,-16.794444444444448,2
C467I,525,16.48199233716475,73.67999168994687,28.35333333333333,-16.708333333333332,2
C468I,218,19.445473441108543,72.20868324234738,28.36694444444445,-16.72222222222222,2
C468O,450,18.051655913978493,72.51983186727324,28.356944444444444,-16.80138888888889,2
C468X,667,16.154491255961844,76.18649279444988,28.37305555555556,-16.625833333333333,2
C611E,1702,13.679392405063291,51.22527346148674,27.976666666666667,-15.58388888888889,5
C612F,1514,14.208014112903227,57.0804315856919,28.006944444444443,-15.59888888888889,5
C614H,1060,19.18076923076923,43.970903010033446,27.995,-15.615833333333333,5
C619I,10,20.55801941126792,74.22608695652174,28.000833333333333,-15.81388888888889,2
C619X,5,21.803877965614227,63.624022089277496,28.101111111111116,-15.712777777777776,2
C619Y,13,21.551921434671222,61.234415029888986,28.00111111111111,-15.8075,2
C623I,1220,17.775138339920947,50.239723320158106,27.92666666666667,-15.599722222222224,5
C625O,806,19.806911447084232,56.79740820734341,27.856944444444444,-15.645,5
C628B,318,22.005972696245735,56.49338737201365,27.90888888888889,-15.77,2
C629Q,10,21.603350413874654,72.02601497832084,27.78,-15.71111111111111,2
C629X,10,21.97368129841387,63.12652157875323,27.81638888888889,-15.764166666666666,2
C635B,960,19.363282247765007,51.52171136653895,27.92,-15.574166666666668,5
C639M,45,22.429606931530007,63.36939983093829,27.758055555555558,-15.575555555555557,2
C639U,41,21.89502739148757,62.42372524230931,27.8125,-15.453055555555554,2
C648C,306,21.380563213863727,57.447420244190624,27.9025,-15.453888888888889,2
C648N,344,19.925088339222615,62.08421672555948,27.9875,-15.457777777777777,2
C649I,24,22.05819708095046,63.661864949472545,27.91777777777778,-15.395277777777777,2
C649R,9,21.241275192950667,66.18997258127693,27.986666666666668,-15.377777777777778,2
C656V,683,16.92903861308117,75.28447596532703,28.075277777777774,-15.547222222222222,2
C658L,269,19.58882803943045,76.51734209565535,28.075,-15.450833333333332,2
C658X,269,19.150274254370927,73.36030167980802,28.078055555555554,-15.453333333333331,2
C659H,55,21.381393240404922,67.2743334983055,28.08972222222222,-15.416111111111112,2
C659M,15,21.733451029205344,70.12435828983533,28.11305555555556,-15.421388888888888,2
C665T,900,16.842144540455617,71.6537706205813,28.065555555555555,-15.565555555555555,2
C668V,352,19.85719314040798,65.0810557485689,28.094444444444445,-15.675,2
C669B,86,20.772700228832953,71.64599542334096,28.141666666666666,-15.506666666666666,2
C689E,6,21.704475790537543,66.6444938128134,27.735833333333336,-15.595833333333331,2
C839X,19,21.27794326241135,68.68416075650119,29.22972222222222,-13.510277777777778,2
C916Q,948,16.718712575345776,60.02051983584131,27.718888888888888,-17.978055555555553,2
C917E,713,18.145460164160053,64.43777284850745,27.725277777777777,-18.115,2
C919K,98,21.776340330503405,62.409783965313956,27.665277777777774,-18.01861111111111,2
C925F,1070,14.565010570824525,73.2167483705027,27.76888888888889,-17.960277777777776,2
C928I,670,16.984466019417475,82.61326860841424,27.81083333333333,-17.919444444444444,2
C929I,32,21.72768052516411,70.96881838074398,27.81888888888889,-17.88888888888889,2
C939T,20,21.605517555859553,69.6420428636571,27.75638888888889,-18.1075,2
