indicativo,altitud,tmed,latitud_dd,longitud_dd,cluster
0002I,32,17.11037723919007,40.95805555555556,0.8713888888888889,0
0009X,406,15.457051609606541,41.21388888888889,0.9633333333333332,0
0016A,71,17.283885341997674,41.145,1.163611111111111,0
0016B,118,18.662309967384097,41.15416666666667,1.108888888888889,0
0034X,233,16.68690383111806,41.293055555555554,1.2608333333333333,0
0042Y,55,18.03201174743025,41.12388888888889,1.2491666666666668,0
0061X,632,14.14439586645469,41.41694444444444,1.5191666666666666,0
0066X,177,16.554693388146624,41.33027777777778,1.6769444444444443,0
0073X,58,16.870929798356983,41.24388888888889,1.8525,0
0076,4,17.563313718278778,41.29277777777778,2.0700000000000003,0
0092X,682,13.779239649681527,42.10138888888889,1.8575,3
0106X,361,14.376185531325719,41.86638888888889,1.8725,0
0114X,700,13.371284032376748,42.00694444444444,2.0266666666666664,3
0120X,742,13.78109756097561,41.81333333333333,2.095277777777778,3
0149D,291,15.769396681749624,41.72,1.840277777777778,0
0149X,291,15.601268956979263,41.72,1.840277777777778,0
0158O,738,13.616735173223722,41.59444444444445,1.8391666666666668,3
0158X,738,13.781353456669912,41.59444444444445,1.8391666666666668,3
0171X,313,15.881767296344666,41.57888888888889,1.6177777777777778,0
0194D,647,15.056433944576844,41.40805555555556,1.885,3
0200E,408,16.691139705882353,41.41833333333333,2.1241666666666665,0
0201D,26,17.476819606706,41.39055555555556,2.2,0
0201X,11,17.625691019411327,41.375,2.1738888888888885,0
0222X,175,15.982458941605842,41.61277777777778,2.168333333333333,0
0229I,146,12.071573216298631,41.52361111111111,2.103055555555556,0
0244X,56,18.082989926739927,41.505,2.3625000000000003,0
0252D,74,17.329890512317878,41.58722222222222,2.54,0
0255B,40,15.17321560703921,41.65083333333333,2.6969444444444446,0
0260X,936,13.484051923968474,41.76,2.431111111111111,3
0281Y,45,17.728594249201276,41.676944444444445,2.805,0
0284X,14,16.161501214862604,41.80777777777777,3.0308333333333333,0
0294B,51,16.48384825967931,41.967777777777776,3.042222222222222,0
0312X,851,11.559382986491421,42.25833333333333,2.364444444444445,3
0320I,1151,11.641590326126787,42.316944444444445,2.102777777777778,3
0321,731,12.63998508019396,42.22277777777778,2.167222222222222,3
0324A,675,12.924940965025167,42.19138888888889,2.196111111111111,3
0341,611,13.402394799863153,41.84666666666667,2.2266666666666666,3
0341X,607,13.754773074533402,41.846944444444446,2.2225,3
0349,578,13.60394268098152,41.92611111111111,2.3175,3
0360X,337,14.082774001699235,42.05277777777778,2.551111111111111,0
0363X,810,12.941682091312247,41.880833333333335,2.513333333333333,3
0367,143,16.362055004810447,41.91166666666666,2.763333333333333,0
0370E,76,17.132496576905524,41.97222222222222,2.819444444444444,0
0372C,157,15.468136306658701,42.10444444444445,2.763611111111111,0
0385X,1,16.892847349177334,42.053888888888885,3.2013888888888893,0
0394X,350,14.587551299589604,42.21055555555556,2.4719444444444445,0
0411X,2,16.407683486238533,42.22472222222223,3.093055555555556,0
0413A,355,15.353374006237882,42.386944444444445,2.7555555555555555,0
0421E,100,17.011567261022602,42.39,3.006111111111111,0
0421X,100,17.187557992408266,42.39,3.006111111111111,0
0429X,45,17.54994122257053,42.259166666666665,2.960277777777778,0
0433D,75,17.492410459366337,42.31916666666667,3.315555555555556,0
1002Y,183,14.307352573770292,43.13583333333333,-1.5430555555555554,2
1010X,54,14.806395975565936,43.27861111111111,-1.6758333333333333,2
1012P,120,15.611785434612372,43.32638888888889,-1.7966666666666666,2
1014,4,15.793354182955435,43.35694444444445,-1.7922222222222222,2
1014A,4,16.219507427677872,43.35694444444445,-1.7922222222222222,2
1021X,165,14.98712715855573,43.21388888888889,-1.8788888888888888,2
1021Y,305,13.061517984982679,43.21222222222222,-1.7977777777777777,2
1024E,250,14.51102423768569,43.30638888888888,-2.041111111111111,2
1025A,255,14.623892188213796,43.01555555555556,-2.256666666666667,2
1025X,255,14.409522878373094,43.05472222222222,-2.2319444444444447,2
1026X,290,14.303464799115371,43.05805555555556,-2.1841666666666666,2
1033X,520,13.039047805642634,43.085,-1.9508333333333328,2
1037X,460,12.990648148148148,43.05166666666666,-2.3372222222222225,2
1037Y,420,12.781507153705144,43.080000000000005,-2.3175,2
1038X,180,14.517027162977866,43.1725,-2.2672222222222222,2
1041A,28,15.88947644576425,43.30222222222222,-2.2511111111111117,2
1044X,617,12.35686600221484,43.05777777777777,-2.5897222222222225,2
1048X,308,13.051910507792861,43.025,-2.4658333333333333,2
1049N,470,13.046395563770794,43.138333333333335,-2.4958333333333336,2
1050J,119,14.23715181759459,43.20916666666667,-2.413333333333333,2
1052A,150,15.019408502772643,43.31722222222223,-2.397222222222222,2
1055B,12,15.664622124863088,43.37694444444445,-2.5102777777777776,3
1056K,45,14.706948640483384,43.3425,-2.6711111111111108,2
1057B,93,15.14959445287309,43.45388888888889,-2.7527777777777778,2
1059X,81,14.954413841525604,43.375,-3.0216666666666665,2
1060X,240,14.382983576642335,43.05027777777777,-3.0055555555555555,2
1064L,270,14.447202925045703,43.09638888888889,-2.8602777777777777,2
1069Y,747,11.522562929061785,43.09916666666667,-2.6441666666666666,2
1074C,100,14.651760402377686,43.20277777777778,-2.706111111111112,2
1078C,210,14.193428258488499,43.18055555555555,-3.2097222222222226,2
1078I,208,13.922136546569075,43.20333333333333,-3.104722222222222,2
1082,42,15.58665754361957,43.29805555555556,-2.906388888888889,2
1083B,177,15.031569343065694,43.27972222222222,-3.168611111111111,2
1083L,45,15.638934135977337,43.39472222222222,-3.233888888888889,2
1089U,80,14.548493150684932,43.255833333333335,-3.4708333333333337,2
1096X,10,14.520369017172087,43.39666666666667,-3.4697222222222224,2
1103X,849,11.637072503419974,43.2275,-3.721111111111111,2
1109,3,15.478240262050505,43.42388888888889,-3.8255555555555554,2
1109X,3,15.154964816262705,43.42861111111111,-3.8313888888888887,2
1111,52,15.211898625429555,43.49111111111111,-3.800555555555556,2
1111X,51,15.422028928850665,43.49111111111111,-3.800555555555556,2
1124E,196,13.90281690140845,43.24555555555556,-3.849444444444445,2
1135C,460,12.298831263696128,43.14694444444444,-4.214166666666667,2
1152C,105,14.6092795614722,43.27194444444444,-4.048611111111111,2
1154H,110,15.001037588097104,43.35861111111111,-4.0275,2
1159,38,14.747094621122889,43.39333333333333,-4.392222222222222,2
1167B,1100,11.343210659898476,43.14388888888889,-4.812777777777778,3
1167G,1910,6.320951913640824,43.155,-4.803055555555555,5
1167J,1722,6.6609793814432985,43.08916666666667,-4.773888888888889,5
1174I,250,13.988403944485025,43.18277777777777,-4.601666666666667,3
1176A,940,11.68754894283477,43.255833333333335,-4.668333333333334,3
1178R,1236,9.339004077297494,43.2375,-4.736666666666666,3
1178Y,953,10.348083623693379,43.14527777777778,-4.931666666666667,3
1179B,458,13.851536595228467,43.31111111111111,-4.852777777777778,2
1183X,10,15.26064367816092,43.42027777777778,-4.748055555555555,2
1186P,370,14.33469591226321,43.266666666666666,-5.119166666666667,2
1199X,280,13.778706697459585,43.37777777777778,-5.396666666666667,2
1203D,30,14.44611570247934,43.49222222222223,-5.247222222222223,2
1207U,26,14.473340647284695,43.52305555555555,-5.621111111111111,2
1208H,5,15.74317607413648,43.55972222222222,-5.700833333333334,2
1210X,100,14.787844489615342,43.65583333333333,-5.848611111111111,2
1212E,127,14.177859507171753,43.566944444444445,-6.0441666666666665,2
1221D,1480,7.385751713018943,42.97861111111112,-5.776388888888889,3
1223P,370,13.52296397807361,43.132777777777775,-5.822777777777778,3
1226X,750,11.596956427505896,43.09527777777778,-5.476944444444444,3
1234P,170,14.726637726913971,43.275,-5.819166666666667,2
1249I,336,13.713829301688726,43.35333333333333,-5.874166666666667,2
1249X,334,13.913218615565114,43.35333333333333,-5.87388888888889,2
1272B,280,13.735314822057097,43.290277777777774,-6.386666666666667,3
1276F,670,12.119951377633713,43.1,-6.256944444444445,3
1279X,240,13.887977229972575,43.425,-6.230833333333334,2
1283U,60,14.469307123394318,43.56916666666667,-6.47,2
1297E,1020,11.374853896103897,42.76861111111111,-7.0175,3
1302F,1310,9.237639405204462,42.95527777777778,-6.4725,3
1309C,780,12.523841853035144,43.0275,-6.885,3
1327A,410,13.052272727272726,43.46555555555556,-6.673333333333334,2
1331A,40,14.598750411048998,43.52472222222222,-7.0313888888888885,2
1341B,340,12.990555555555556,43.41555555555556,-7.061111111111111,2
1342X,43,14.555458249187017,43.54055555555556,-7.083055555555555,2
1344X,125,13.859362549800798,43.43138888888889,-7.361666666666666,2
1347T,80,14.865461227099388,43.65111111111111,-7.357222222222222,2
1351,90,14.660223056283977,43.78611111111111,-7.685,2
1354C,4,15.153127829487936,43.47638888888889,-8.262222222222222,2
1363X,343,12.991392971340128,43.44583333333333,-7.861388888888888,2
1387,57,15.411529250769757,43.365833333333335,-8.421388888888888,2
1387D,132,15.034659232474016,43.36333333333334,-8.441944444444445,2
1387E,98,14.362353171495691,43.30694444444444,-8.371944444444445,2
1390X,98,13.68457391304348,43.20361111111112,-8.71111111111111,2
1393,50,14.281004873944537,43.160555555555554,-9.210833333333332,2
1399,287,13.46401644962303,43.0575,-9.046944444444444,2
1400,230,14.328991596638655,42.92472222222222,-9.29138888888889,2
1406X,340,13.336316872427982,42.93527777777778,-8.993611111111111,2
1410X,500,12.49574800416522,43.03777777777778,-8.022222222222224,2
1428,370,13.773722627737227,42.88805555555555,-8.410555555555556,2
1435C,128,15.022756670799915,42.80027777777777,-8.876111111111111,2
1437O,685,12.62563070562201,42.72055555555556,-8.923333333333332,2
1442U,10,15.240122977619816,42.64388888888889,-8.892222222222221,2
1446X,680,12.76135276655914,42.80972222222222,-7.768333333333333,3
1455I,645,11.837524455928031,42.71111111111112,-7.953888888888889,3
1465U,463,13.046210779387478,42.66555555555556,-8.1925,2
1466A,435,14.382289648058679,42.700833333333335,-8.257777777777777,2
1468X,269,14.389908232542089,42.69361111111111,-8.501944444444444,2
1473A,100,14.966262062918762,42.73833333333334,-8.627222222222223,2
1475X,240,14.699723960250276,42.87611111111112,-8.555833333333334,2
1476R,210,14.604079870627691,42.74972222222223,-8.714722222222221,2
1477U,36,15.867746350364962,42.58222222222223,-8.769722222222223,2
1477V,32,15.732719741841086,42.58472222222223,-8.774722222222223,2
1484C,113,15.225878704341833,42.43833333333333,-8.615833333333333,2
1486E,3,16.00522000821737,42.39611111111111,-8.706944444444444,2
1489A,395,13.425749211356466,42.40694444444444,-8.45111111111111,2
1495,255,14.93414703637105,42.23861111111111,-8.623888888888889,2
1496X,120,15.807205452775072,42.230555555555554,-8.724166666666667,2
1505,442,12.708233387358185,43.11111111111112,-7.4575,2
1518A,442,13.554191304347826,42.998333333333335,-7.5525,3
1521I,403,13.403542094455853,42.84527777777778,-7.499444444444444,3
1521X,1080,10.283985374771481,42.86388888888889,-7.185277777777778,3
1541B,958,11.319918032786884,42.928888888888885,-6.333888888888889,3
1542,1530,8.093056217491867,42.994166666666665,-6.414166666666668,5
1549,532,14.17105713308245,42.56388888888888,-6.6,3
1561I,770,12.275610766045547,42.76611111111111,-6.673611111111112,3
1583X,315,15.19341085271318,42.41555555555556,-6.993055555555555,3
1631E,840,11.990462107208872,42.339444444444446,-7.2825,3
1639X,990,11.156134486826582,42.26027777777778,-7.383611111111112,3
1658,612,12.891899791231733,42.58861111111111,-7.191666666666667,3
1679A,291,14.255474882260595,42.531666666666666,-7.510833333333333,3
1690A,146,16.115321477428182,42.32527777777778,-7.859722222222222,3
1696O,610,12.312941762070682,42.46805555555556,-8.278055555555556,2
1700X,400,13.804311073541843,42.421388888888885,-8.092500000000001,3
1701X,112,15.859461924304608,42.3,-8.129166666666666,3
1706A,492,13.811462631820266,42.18277777777777,-7.796111111111111,3
1719,560,13.757838208409508,42.21805555555556,-8.281111111111112,2
1723X,90,15.559977064220183,42.18222222222222,-8.492777777777777,2
1730E,55,16.08884324347036,41.943888888888885,-8.8475,2
1735X,616,12.031621036680809,42.07916666666667,-7.733611111111111,3
1738U,730,12.940069124423964,41.93416666666666,-7.988888888888889,3
1740,150,14.337631458619114,43.37722222222222,-4.124444444444444,2
2005Y,1197,10.600267528939822,41.967777777777776,-2.7827777777777776,3
2017Y,1260,10.132421875,41.99583333333334,-2.494166666666666,4
2030,1081,12.160648148148148,41.775,-2.483055555555556,4
2044B,1100,11.586241768579491,41.60055555555556,-2.5075,4
2048A,978,11.694297445255476,41.41944444444445,-2.4202777777777778,4
2059B,1042,11.78328975698948,41.34972222222223,-2.783333333333333,4
2084Y,960,11.121921568627451,41.721944444444446,-3.046944444444444,4
2092,932,12.25867006669282,41.589444444444446,-3.0869444444444447,4
2096B,1150,12.019097413318658,41.37361111111111,-3.251388888888889,4
2106B,955,12.253270094857713,41.74583333333334,-3.3819444444444446,4
2117D,790,12.584437009714144,41.66583333333333,-3.742777777777778,4
2135A,993,11.615252938170668,41.37277777777778,-3.507222222222222,4
2140A,1135,12.374840036563072,41.464444444444446,-3.785833333333333,4
2150H,1798,8.41391129032258,41.19194444444444,-3.475277777777778,5
2166Y,756,12.894008834897846,41.59305555555556,-4.124722222222222,4
2172Y,725,13.428166351606805,41.61194444444445,-4.405555555555556,4
2182C,1107,12.56795154185022,41.13388888888889,-3.790277777777778,4
2192C,795,12.205287671232877,41.38361111111111,-4.265555555555555,4
2235U,1140,11.363573883161513,42.87055555555556,-4.52,3
2243A,910,10.852141982864138,42.79805555555556,-4.277222222222222,4
2276B,908,11.452445842068483,42.56888888888889,-4.575,4
2285B,869,12.896433470507544,42.52388888888889,-4.001111111111111,4
2290Y,771,12.303322908522283,42.25111111111111,-4.198888888888889,4
2296A,1039,12.166045548654242,41.77555555555556,-1.9766666666666668,4
2298,1080,11.337146066969845,41.95972222222223,-3.131666666666667,4
2302N,1197,10.26758385394165,42.146388888888886,-3.1097222222222225,3
2311Y,884,12.213133498145858,42.10527777777778,-3.767777777777778,4
2331,891,11.299682034976152,42.35694444444445,-3.620277777777778,4
2362C,1575,9.593908472479901,42.89388888888889,-4.713611111111112,5
2374X,830,12.284823776959495,42.35083333333333,-4.617222222222223,4
2400E,874,11.764673242909987,41.99555555555556,-4.602777777777778,4
2401X,736,12.78569667077682,42.00944444444445,-4.560555555555555,4
2422,734,13.7526395173454,41.64083333333333,-4.754166666666666,4
2430Y,1178,12.438767545209323,40.54333333333333,-5.0441666666666665,4
2444,1130,12.495875251509053,40.65916666666666,-4.679722222222223,4
2453E,920,12.782402234636871,40.82888888888889,-4.741944444444444,4
2456B,820,13.03620246659815,41.07138888888889,-4.73,4
2462,1893,8.275615763546798,40.793055555555554,-4.010555555555555,5
2465,1008,13.096954595791804,40.945277777777775,-4.126388888888888,4
2471Y,1237,10.994901836605447,40.71861111111112,-4.211944444444445,4
2482B,870,12.715008505299611,41.12638888888889,-4.375833333333333,4
2491C,1960,7.251293568239959,40.355,-5.69,5
2503B,786,13.107085346215781,41.28,-4.691944444444444,4
2503X,740,13.275956284153006,41.325833333333335,-4.686944444444444,4
2507Y,724,13.454220566297899,41.41944444444445,-4.963611111111112,4
2512Y,925,13.255826330532214,40.88222222222223,-5.018611111111111,4
2517A,755,13.348814926878468,41.172777777777775,-4.939722222222223,4
2536D,710,13.573460591133005,41.54833333333333,-5.271388888888889,4
2539,846,12.67185104052574,41.71194444444445,-4.855555555555555,4
2555B,811,13.189158279963403,41.236666666666665,-5.481388888888889,4
2565,702,14.267090395480226,41.555277777777775,-5.630555555555556,4
2568D,985,11.298621323529412,42.52361111111111,-4.851111111111111,4
2593D,782,12.981663929939792,42.094166666666666,-5.041111111111111,4
2604B,731,12.986263736263735,41.87583333333333,-5.040277777777778,4
2611D,690,13.130432402846196,41.85638888888889,-5.592499999999999,4
2614,656,14.518609742747675,41.51555555555556,-5.735277777777778,4
2624C,1090,10.544653850525448,42.958333333333336,-5.0075,3
2626Y,916,10.819093023255814,42.62,-5.193333333333333,4
2630X,1510,6.894405976883648,43.06222222222222,-5.376944444444444,5
2661,916,11.910173357664233,42.58833333333334,-5.651111111111112,4
2661B,912,20.348275862068967,42.59944444444445,-5.643611111111111,0
2664B,788,12.190432098765433,42.29583333333333,-5.504722222222222,4
2701D,1120,10.78258492720547,42.88555555555556,-5.870833333333334,3
2728B,995,11.352701443875175,42.64833333333333,-6.070833333333333,4
2734D,919,12.573061526085281,42.47666666666667,-6.0744444444444445,4
2737E,1020,10.560084995269897,42.3775,-6.196666666666667,4
2742R,850,11.944569123960598,42.46638888888889,-5.779722222222222,4
2755X,715,13.643838429940667,42.01083333333333,-5.666666666666667,4
2766E,933,10.331408140814082,42.0825,-6.639722222222222,3
2775X,850,12.173413705583757,41.94138888888889,-6.279722222222222,4
2777K,737,12.327172413793102,42.07805555555556,-6.007222222222223,4
2789H,711,13.255656788139119,41.785555555555554,-5.908888888888889,4
2804F,790,13.011882472759515,41.53388888888889,-6.141944444444444,4
2811A,1525,10.07327291299165,40.35055555555556,-5.143055555555556,5
2828Y,1012,11.853757338551858,40.35527777777778,-5.519166666666667,4
2847X,865,12.057033797818816,40.67555555555556,-5.643333333333333,4
2863C,897,12.13084910013844,40.73222222222223,-5.366111111111111,4
2867,790,12.685952902519167,40.95944444444445,-5.498333333333333,4
2870,775,14.248701575138355,40.9575,-5.662222222222223,4
2873X,817,12.47309407948094,40.90361111111111,-5.779722222222222,4
2882D,1003,13.340979926013944,41.23888888888889,-5.8975,4
2885K,804,12.376697926065228,41.30444444444444,-6.022222222222222,4
2891A,690,14.356113779091245,41.26277777777778,-6.462222222222223,4
2914C,785,13.072465075569967,40.78611111111111,-6.202777777777778,4
2916A,769,13.79705915039156,41.01138888888889,-6.437777777777778,4
2918Y,1027,12.578875354666899,40.56944444444445,-6.223611111111111,4
2926B,748,12.992000662471016,40.85138888888889,-6.608888888888888,4
2930Y,880,11.33239082626453,40.29666666666667,-6.812777777777778,3
2945A,805,12.851214022984841,40.485,-6.576944444444444,4
2946X,680,13.956709137270048,40.635,-6.6,4
2966D,840,12.741589192330041,41.68333333333333,-6.301388888888889,4
2969U,910,12.499578914535247,42.02722222222222,-7.183055555555556,3
2978X,380,14.00837159473523,41.92666666666666,-7.421944444444445,3
3013,1062,11.620377128953772,40.84166666666667,-1.8788888888888888,4
3021Y,1250,11.741392047687551,40.75833333333333,-2.199722222222222,4
3040Y,1214,11.288558205257349,40.57166666666667,-2.0763888888888893,4
3044X,928,12.91421052631579,40.530277777777776,-2.15,4
3085Y,920,14.353863242479322,40.407777777777774,-2.953055555555556,4
3094B,819,16.12629852882372,40.011944444444445,-3.0213888888888887,4
3099Y,733,15.220906656465186,39.93527777777778,-3.4961111111111114,4
3100B,540,15.732918469118463,40.06722222222223,-3.546111111111111,4
3103,910,13.384080237342705,41.00361111111111,-3.301944444444444,4
3104Y,1159,11.19523891966759,40.88972222222222,-3.888333333333333,3
3110C,1030,12.149755649083623,41.00694444444444,-3.613888888888889,4
3111D,1450,10.196779120364381,41.13555555555556,-3.5805555555555557,5
3125Y,672,16.126679493368883,40.55,-3.6166666666666663,4
3126Y,740,14.384961242067494,40.561388888888885,-3.7119444444444447,4
3129,609,15.568901813205612,40.46666666666667,-3.555555555555556,4
3130C,1005,11.256523640113981,41.08638888888889,-2.618055555555556,4
3140Y,990,13.692912680293505,40.985,-2.76,4
3168D,727,15.382928498118373,40.63027777777778,-3.1502777777777777,4
3170Y,605,15.098114204032958,40.52833333333333,-3.289722222222222,4
3175,607,15.096972288744439,40.48861111111111,-3.443611111111111,4
3182Y,533,15.816799384443515,40.31166666666666,-3.497777777777778,4
3191E,1004,14.18080738966815,40.69611111111111,-3.765,4
3194U,664,15.539589683652911,40.45166666666667,-3.724166666666666,4
3194Y,665,15.397374219610725,40.44833333333333,-3.813333333333333,4
3195,667,16.24181000781861,40.41194444444445,-3.6780555555555554,4
3196,690,16.13403284671533,40.37555555555556,-3.786111111111111,4
3200,620,16.4460516028147,40.29944444444444,-3.7222222222222223,4
3209Y,835,13.358029430582214,40.765277777777776,-2.8741666666666665,4
3229Y,594,15.293832599118941,40.24722222222222,-3.3116666666666665,4
3245Y,635,15.009953240512063,39.69611111111111,-3.5058333333333334,4
3254Y,717,16.08336860058039,39.68694444444444,-3.780555555555555,4
3260B,513,16.992379385964913,39.88472222222222,-4.045277777777778,4
3266A,1532,9.802324159021406,40.70638888888889,-4.141944444444444,5
3268C,924,14.863307883349831,40.65972222222222,-4.0175,4
3298X,917,14.993922105510018,39.54694444444444,-4.350555555555555,4
3305Y,750,15.582604562737641,39.63055555555555,-4.476944444444444,4
3319D,1285,8.845381773399014,40.33972222222222,-5.012777777777778,3
3330Y,890,13.548071525941737,40.31305555555555,-4.487222222222222,4
3337U,850,14.795773707169742,40.4675,-4.4558333333333335,4
3338,763,13.701804460756591,40.42777777777778,-4.25,4
3343Y,884,14.634428492545556,40.49666666666667,-4.061111111111111,4
3362Y,560,16.68553695098799,40.10833333333333,-4.680555555555556,4
3365A,372,16.465863529853717,39.95861111111111,-4.863611111111111,0
3386A,923,14.651688438188705,39.59166666666667,-5.391666666666668,3
3391,630,16.023176654663516,40.28861111111111,-4.590833333333333,4
3422D,350,16.82156444735979,40.13916666666667,-5.311388888888889,3
3423I,464,16.90282009724473,40.153888888888886,-5.373333333333333,3
3427Y,345,15.994393668256993,39.99333333333333,-5.114444444444444,0
3434X,269,17.144614822928077,39.94583333333333,-5.5825,0
3436D,690,15.744630378815742,40.11111111111112,-5.784722222222222,3
3448X,406,17.4238020094971,39.82083333333334,-6.1275,0
3455X,559,16.501712328767123,39.67,-5.808333333333334,0
3463X,503,17.36880857193353,39.4825,-5.854166666666666,0
3463Y,523,17.180043869947923,39.46416666666667,-5.874166666666667,0
3469A,394,17.25827633378933,39.47138888888889,-6.338888888888889,0
3475X,373,17.911039215686277,39.79055555555556,-6.376388888888888,0
3494U,470,15.200804403048265,40.40805555555556,-6.239722222222222,3
3503,393,17.274427655677655,40.18944444444444,-6.1675,0
3504X,724,15.23632160249119,40.265,-5.861111111111111,3
3512X,351,17.10141358869129,40.08083333333334,-6.338888888888889,0
3514B,991,14.606255707762557,40.25861111111111,-5.678333333333334,3
3516X,1260,12.65543369890329,40.12083333333334,-5.8325,3
3519X,415,18.284075869955142,40.043055555555554,-6.085833333333333,0
3526X,313,17.907165677772706,40.00361111111111,-6.5575,0
3531X,459,16.16634438305709,40.255,-6.411666666666667,3
3536X,560,16.449725274725274,40.17472222222222,-6.724444444444445,3
3540X,336,17.22943157894737,39.87138888888889,-6.859999999999999,0
3547X,450,16.601194672933804,40.20722222222223,-6.896111111111111,3
3562X,321,17.303995621237,39.4275,-6.7363888888888885,0
3565X,425,17.00210608344399,39.61805555555556,-6.745,0
3576X,444,16.42930561900411,39.414722222222224,-7.231111111111111,0
4007Y,905,14.783411105926271,38.965833333333336,-2.745,4
4051Y,875,14.172949525093815,40.06111111111111,-2.8069444444444445,4
4061X,692,15.956309399278148,39.59722222222222,-3.0483333333333333,4
4064Y,640,16.644166283876896,39.39083333333333,-3.2158333333333333,4
4067,690,15.077623801182822,39.49194444444444,-3.5283333333333333,4
4070Y,1020,13.548985643389228,40.01888888888889,-2.395277777777778,4
4075Y,870,14.743180304938187,39.84027777777778,-2.5033333333333334,4
4089A,858,14.526464137177438,39.51694444444444,-2.4958333333333336,4
4090Y,728,15.050848439446773,39.41666666666666,-2.420555555555556,4
4091Y,718,16.12606790799562,39.261944444444445,-2.5925,4
4093Y,763,15.046640119462419,39.65611111111111,-2.76,4
4095Y,745,15.069324201490462,39.555277777777775,-2.705555555555556,4
4096Y,918,14.067853209385625,39.016666666666666,-2.488888888888889,4
4103X,662,15.765514935354437,39.16916666666666,-3.0075,4
4116I,626,15.693500424808835,38.950833333333335,-3.741944444444445,4
4121,626,16.489316057774,38.98916666666667,-3.9202777777777778,4
4138Y,900,15.216110860748087,38.7375,-3.0044444444444443,4
4147X,700,15.981920783645657,38.75055555555556,-3.391388888888889,4
4148,804,15.232984510675582,38.51805555555556,-3.5666666666666664,4
4193Y,587,16.236505652673824,39.21694444444445,-4.282777777777778,4
4195E,651,15.57093525179856,39.32083333333334,-4.3950000000000005,4
4210Y,718,16.029332574895715,38.89805555555556,-4.291944444444444,4
4220X,531,16.17940501131977,39.08361111111111,-4.621944444444445,4
4236Y,689,16.27119199029823,39.45055555555556,-5.026388888888889,4
4244X,447,17.43378532699219,39.16944444444445,-5.062222222222222,0
4245X,660,16.56228762365811,39.45527777777778,-5.333333333333333,3
4260,542,16.103597966366838,38.47972222222222,-5.5775,0
4263X,575,16.133255086071987,38.409444444444446,-5.350555555555555,0
4267X,551,16.655053720652607,38.498333333333335,-5.121388888888888,0
4300Y,535,18.168519968676588,38.775277777777774,-4.845277777777778,0
4325Y,459,18.1875,38.74194444444444,-5.529166666666667,0
4339X,590,16.623378264532434,39.314166666666665,-5.368888888888889,4
4340,313,17.782922052487272,39.10333333333333,-5.461388888888889,0
4347X,413,17.8066793088917,39.282777777777774,-5.710277777777778,0
4358X,274,18.35064705882353,38.95555555555556,-5.880555555555556,0
4362X,474,16.594296116504854,38.57638888888889,-5.845833333333333,0
4386B,655,17.091879942942192,38.23166666666667,-6.016944444444444,0
4395X,430,16.575107547907706,38.55166666666666,-6.306666666666667,0
4410X,228,17.803462441314554,38.91583333333333,-6.385555555555556,0
4411C,467,17.01875978090767,39.1975,-6.231111111111111,0
4427X,433,16.863189826583042,38.42583333333333,-6.4366666666666665,0
4436Y,371,17.49929605005866,38.68888888888888,-6.361111111111111,0
4452,186,18.08564724286273,38.88333333333333,-6.813888888888889,0
4464X,283,17.17386796445197,39.18194444444444,-6.995277777777778,0
4468X,392,16.63701095461659,39.17666666666666,-6.600833333333333,0
4478X,174,17.868322252639814,38.88611111111111,-7.009444444444444,0
4486X,275,17.541698630136985,38.6975,-7.084444444444444,0
4489X,170,17.548394160583943,38.484722222222224,-7.281944444444444,0
4492F,377,16.98115118577075,38.47277777777778,-6.923333333333334,0
4497X,247,17.60988909426987,38.37222222222222,-7.158055555555556,0
4499X,771,15.72939949627166,38.081388888888895,-6.271944444444444,4
4501X,602,16.621906507791017,38.20861111111111,-6.311388888888889,0
4511C,381,17.082520547945204,38.29861111111111,-6.765,0
4520X,586,15.093537787513691,38.17833333333333,-6.661666666666667,0
4527X,267,16.329104887424492,37.98027777777778,-6.975833333333333,0
4541X,60,18.8722333000997,37.55361111111111,-7.52,0
4549Y,3,18.886712148731384,37.19472222222222,-7.395,0
4554X,15,17.29711974424942,37.21833333333333,-7.083611111111111,0
4560Y,572,17.607119386637457,37.86861111111112,-6.675000000000001,0
4575X,280,17.84372666168783,37.57527777777778,-6.767777777777778,0
4584X,270,18.57490923541623,37.73166666666667,-6.942222222222222,0
4589X,276,18.272139197267293,37.59777777777778,-7.1194444444444445,0
4608X,415,18.10634028892456,37.67722222222222,-6.630000000000001,0
4622X,145,18.361948818897638,37.450833333333335,-6.636666666666666,0
4642E,18,19.08476854156297,37.27833333333333,-6.911666666666667,0
5000C,87,19.32221081451061,35.88861111111111,-5.3469444444444445,0
5038X,782,18.148527271636144,37.91583333333333,-3.003888888888889,4
5038Y,799,17.29017569059267,37.91583333333333,-3.003888888888889,4
5047E,785,15.246491228070175,37.505833333333335,-2.735,4
5051X,1100,13.926213311262567,37.86138888888889,-2.6527777777777777,4
5060X,1190,13.514711690363349,37.86083333333333,-2.228055555555556,4
5103E,2152,7.94297520661157,37.15833333333333,-3.2569444444444446,5
5103F,1534,14.200145985401461,37.19111111111111,-3.253888888888889,4
5107D,1197,14.371980360082295,37.18,-2.986388888888889,4
5164B,771,17.51033852991253,37.99666666666667,-3.4619444444444447,4
5165X,910,16.029143422285777,37.78083333333333,-3.563611111111111,4
5181D,580,17.21869853987088,38.31472222222222,-2.8897222222222223,4
5192,862,16.01185397867104,38.48916666666667,-2.6375,4
5210X,680,17.048421183605832,38.175,-2.998055555555556,4
5246,770,16.91668981169265,38.34444444444445,-3.535277777777777,4
5270B,580,18.407808308156298,37.7775,-3.8091666666666666,4
5279X,515,18.698835732430144,38.15111111111111,-3.6294444444444447,4
5281X,345,19.305366710188324,38.09305555555556,-3.7825,0
5298X,202,18.334658688807878,38.02305555555555,-4.0633333333333335,0
5304Y,665,17.01771689497717,38.66888888888889,-4.059166666666666,4
5341C,710,16.25562414266118,38.428888888888885,-4.301666666666667,4
5346X,720,17.154103790945896,38.18666666666666,-4.2725,4
5361X,155,18.713903182365137,38.013333333333335,-4.330277777777778,0
5390Y,750,16.342532581895032,38.33305555555556,-4.608888888888888,4
5394X,525,17.170786131136285,38.020833333333336,-4.796666666666667,4
5402,90,19.382594417077176,37.848888888888894,-4.846666666666667,0
5406X,908,15.590075337778112,37.4975,-3.9080555555555554,4
5412X,550,17.21730543605788,37.484722222222224,-4.207777777777778,0
5427X,650,17.63803436516299,37.55611111111111,-4.353888888888888,4
5429X,275,18.612321295591336,37.81027777777778,-4.462222222222223,0
5459X,465,16.514561513437236,38.11111111111112,-4.928611111111112,0
5470,120,19.387296496887583,37.75305555555556,-5.100555555555555,0
5473X,581,16.858576642335766,38.26777777777777,-5.686111111111112,0
5511,3092,3.3709359605911327,37.06444444444444,-3.3713888888888888,5
5514,687,16.366289675300987,37.13722222222222,-3.631388888888889,4
5514Z,695,17.382875937295147,37.13611111111111,-3.633333333333333,4
5515D,1258,14.73598263408226,37.23694444444445,-3.5505555555555555,4
5515X,775,17.936459589680343,37.189722222222215,-3.595555555555556,4
5516D,2856,5.502474793767186,37.06305555555555,-3.3869444444444445,5
5530E,560,16.938693123503253,37.19027777777777,-3.789722222222222,4
5582A,760,18.143410760937808,37.16111111111111,-4.152777777777779,4
5598X,465,17.99101906158358,37.23083333333334,-4.547777777777777,0
5612B,410,17.42317955510598,37.19444444444444,-4.77,0
5612X,450,18.215696071674707,37.27027777777778,-4.826944444444444,0
5624X,309,18.102693056456847,37.48194444444445,-4.685833333333334,0
5625X,200,18.158170148968626,37.63861111111111,-4.763888888888889,0
5641X,130,19.25520855399637,37.51611111111111,-5.085,0
5654X,200,17.074720447284346,37.78666666666666,-5.371111111111111,0
5656,165,19.205891983735864,37.49722222222222,-5.433055555555556,0
5702X,50,19.22218177751722,37.56555555555556,-5.740555555555556,0
5704B,550,15.91870429950278,37.92638888888889,-5.769722222222222,0
5726X,720,16.53296053867428,38.09944444444445,-5.819166666666667,4
5733X,450,17.828763127187866,37.79111111111111,-6.075,0
5769X,618,16.480357723577235,37.97361111111111,-6.322222222222222,4
5783,34,19.768752132541017,37.41666666666666,-5.879166666666667,0
5788X,84,19.663015184381777,37.361666666666665,-6.059722222222222,0
5790Y,9,20.108785018270403,37.36416666666667,-6.005833333333333,0
5796,87,18.741750405186387,37.16444444444444,-5.6113888888888885,0
5835X,76,18.783350586611455,37.36,-6.3341666666666665,0
5858X,5,17.896377654931626,36.98861111111111,-6.443055555555556,0
5860E,41,17.738657549032446,37.09805555555556,-6.738055555555556,0
5891X,105,19.372470489038786,36.95333333333333,-5.846666666666667,0
5906X,10,18.559874608150473,36.75,-6.400555555555556,0
5910,21,19.001742160278745,36.638888888888886,-6.3325,0
5911A,913,15.551831107281345,36.76055555555556,-5.3741666666666665,3
5919X,530,18.20281717888101,36.931666666666665,-5.259444444444444,0
5941X,295,18.13716744913928,36.72944444444445,-5.512222222222222,0
5950X,105,19.313807708598052,36.66388888888888,-5.783333333333333,0
5960,27,18.589826642335765,36.75055555555556,-6.055833333333333,0
5972X,28,19.27786436394271,36.46555555555556,-6.205555555555556,0
5973,2,19.592748240813137,36.49972222222223,-6.257777777777778,0
5983X,70,18.554653828519026,36.40611111111111,-5.920277777777778,0
5995B,186,19.02782938587589,36.24555555555556,-5.965,0
5996B,4,19.08733804475854,36.18472222222222,-5.9094444444444445,0
5998X,255,20.029161747343565,37.24333333333333,-5.1125,0
6000A,52,19.905316653635655,35.27638888888889,-2.956388888888889,0
6001,32,18.24768712969535,36.013888888888886,-5.598888888888888,0
6032B,766,10.8,36.74972222222223,-5.168333333333334,0
6032X,760,16.794360049824146,36.75,-5.168611111111112,4
6040X,315,17.46008010826475,36.54444444444445,-5.386388888888889,0
6042I,42,17.945466048080977,36.43555555555555,-5.3950000000000005,0
6045X,676,18.09245893479343,36.6325,-5.203055555555555,0
6050X,594,16.529603137978775,36.51861111111111,-5.318611111111111,0
6056X,1,18.665099557522122,36.27305555555555,-5.2844444444444445,0
6057X,140,19.22344460900821,36.37833333333333,-5.26,0
6058I,19,19.757086567143862,36.41694444444444,-5.155,0
6069X,392,18.18559921246013,36.54361111111111,-5.024722222222223,0
6076X,2,18.89143173748112,36.48444444444444,-4.953055555555555,0
6083X,2,19.24425205949767,36.48333333333333,-4.740277777777778,0
6084X,8,19.80651491106262,36.53861111111111,-4.618333333333334,0
6088X,85,19.57373349660333,36.62055555555556,-4.515,0
6100B,515,18.78977493757821,37.02388888888889,-4.5625,0
6106X,408,18.16387927627077,37.02944444444445,-4.748333333333333,0
6127X,172,19.153604234153512,36.85472222222222,-4.696666666666667,0
6143X,230,19.933006386861315,36.657777777777774,-4.760833333333333,0
6155A,7,19.24641119221411,36.66611111111111,-4.482222222222222,0
6156X,54,20.001536939388107,36.717777777777776,-4.4816666666666665,0
6172O,25,16.508,36.71666666666667,-4.419722222222222,0
6172X,25,19.816118714927523,36.71666666666667,-4.419722222222222,0
6175X,7,21.080645161290324,36.715,-4.286111111111111,0
6199X,41,21.487773722627736,36.76861111111111,-4.093611111111111,0
6201X,35,18.57559796405625,36.755833333333335,-4.043888888888889,0
6205X,3,19.770067558736034,36.72638888888889,-3.957222222222222,0
6213X,169,19.467363889963423,36.76277777777778,-3.845277777777778,0
6248D,1732,12.021444695259593,36.95222222222223,-3.430277777777777,4
6258X,708,15.886645897730785,36.92305555555555,-3.4925,4
6267X,20,18.434630739077253,36.748333333333335,-3.578611111111111,0
6268X,12,16.665817367437295,36.72277777777778,-3.5302777777777776,2
6268Y,3,19.76685187965262,36.723888888888894,-3.529166666666667,0
6272X,235,19.19167731102896,36.73416666666667,-3.38,0
6277B,8,19.707683680696107,36.74722222222222,-3.020555555555556,0
6281X,1020,17.462627527974735,37.00527777777778,-3.071388888888889,4
6291B,98,20.743158182813357,36.77472222222222,-2.813055555555555,0
6293X,3,19.07558509215851,36.68694444444444,-2.7016666666666667,0
6299I,2300,8.0948,37.09583333333334,-2.9644444444444447,5
6302A,869,17.388667959643815,37.14138888888889,-2.78,4
6307C,1713,14.863186813186813,37.05305555555555,-2.897222222222222,4
6307X,1510,14.275522917175905,37.03333333333333,-2.9125,4
6312E,601,20.229888268156426,37.020833333333336,-2.677222222222222,0
6325O,21,19.89947179288317,36.84638888888889,-2.3569444444444447,0
6329X,42,20.167330943914514,36.721944444444446,-2.1930555555555555,0
6332X,16,19.949957124406072,36.98027777777778,-1.903611111111111,0
6332Y,222,19.874360370858778,36.94222222222222,-1.9069444444444443,0
6335O,970,18.28150183150183,37.11,-2.6991666666666667,4
6340X,7,19.01329276856273,37.178888888888885,-1.8166666666666669,0
6364X,508,19.173601877199843,37.406666666666666,-2.151388888888889,0
6367B,300,18.536815796489787,37.39055555555556,-1.9436111111111112,0
6375X,420,17.44839161863551,37.13222222222223,-4.741944444444444,0
6381,15,16.859906934013356,35.93833333333333,-3.036111111111111,0
7002Y,32,19.956070287539937,37.41722222222222,-1.5869444444444445,0
7007Y,66,20.257393209200437,37.58805555555556,-1.2305555555555556,0
7012C,17,19.63268704379562,37.60111111111111,-0.9877777777777778,0
7012D,56,18.72385125532923,37.60444444444445,-1.0233333333333332,0
7019X,3,19.763387715930904,37.63583333333333,-0.7155555555555555,0
7020C,205,18.86303395399781,37.8075,-1.1280555555555556,0
7023X,140,19.402190580503834,37.72638888888889,-1.1672222222222224,0
7026X,50,18.920986049851095,37.73888888888889,-0.9675,0
7031,4,18.597426067907996,37.78888888888888,-0.8033333333333333,0
7031X,4,19.09066265060241,37.77833333333333,-0.8058333333333334,0
7066Y,680,17.21699889258029,38.39333333333333,-2.218888888888889,4
7067Y,1485,11.536448900388097,38.08833333333334,-2.4130555555555557,4
7072Y,960,16.097393483709272,38.295,-2.2938888888888886,4
7080X,955,15.404562043795622,38.26833333333333,-1.986388888888889,4
7096B,605,17.250717905405406,38.54194444444444,-1.7030555555555555,4
7103Y,615,17.369634703196347,38.58805555555556,-1.6894444444444443,4
7119B,643,16.629187001245732,38.10305555555556,-1.8772222222222223,4
7121A,350,18.206036848294787,38.23416666666667,-1.702222222222222,0
7127X,690,17.14491591709034,38.049166666666665,-1.695277777777778,4
7138B,485,16.885412592882282,38.45888888888889,-1.3352777777777778,0
7145D,265,18.784971194613725,38.23277777777778,-1.3805555555555555,0
7158X,150,20.068635948905108,38.12805555555556,-1.3058333333333334,0
7172X,255,18.826359014470082,38.04138888888889,-1.4491666666666667,0
7178I,62,20.220802919708028,38.00194444444445,-1.1708333333333334,0
7195X,985,14.832158245201724,37.92611111111111,-2.058333333333333,4
7203A,646,17.164942980731418,37.844722222222224,-1.8697222222222225,0
7209,312,18.480646725512894,37.65472222222222,-1.6872222222222222,0
7211B,445,19.35288542544229,37.56805555555556,-1.797222222222222,0
7218Y,281,20.405474162128957,37.75861111111111,-1.5127777777777778,0
7227X,157,18.800049367234898,37.861666666666665,-1.334722222222222,0
7228,75,19.421289537712894,37.95777777777778,-1.228611111111111,0
7237E,170,19.142214236824096,38.138888888888886,-1.158611111111111,0
7244X,26,19.29972627737226,38.06777777777778,-0.9813888888888888,0
7247X,575,16.06641718190693,38.39972222222222,-1.0380555555555555,4
7250C,174,18.343655950752392,38.19444444444444,-1.033888888888889,0
7261X,31,19.22060178077986,38.08805555555556,-0.7152777777777777,0
7275C,640,16.112942357609878,38.60166666666667,-1.159722222222222,4
8005X,622,15.425696055684455,38.78,-0.7958333333333333,4
8008Y,486,15.57013725490196,38.57694444444445,-0.8655555555555555,0
8013X,233,19.25031554551967,38.38555555555556,-0.7577777777777778,0
8018X,110,19.185730565938055,38.2875,-0.6805555555555555,0
8019,43,19.23359309182814,38.282777777777774,-0.5708333333333333,0
8025,81,18.923831578947368,38.3725,-0.4941666666666666,0
8036Y,36,19.020777891504604,38.54361111111111,-0.1377777777777777,0
8050X,15,18.748768465686577,38.78416666666666,0.1666666666666666,0
8057C,60,19.902720880464692,38.84666666666667,-0.1183333333333333,0
8058X,5,17.68330760828821,38.928888888888885,-0.0958333333333333,0
8058Y,12,19.450243383024034,38.95027777777778,-0.1377777777777777,0
8059C,530,17.16429049073812,38.71083333333333,-0.46,0
8072Y,340,17.337658336186237,39.01694444444444,-0.3047222222222222,2
8084Y,1154,11.069515936703693,40.2225,-1.9258333333333333,4
8096,949,14.748357664233577,40.06722222222223,-2.1319444444444446,4
8155Y,830,14.540658449562114,39.555277777777775,-1.9152777777777776,4
8175,702,15.473448905109489,38.95416666666667,-1.856388888888889,4
8177A,880,14.58162393765573,38.9375,-1.6588888888888889,4
8178D,674,16.11854893908282,39.00555555555555,-1.8622222222222224,4
8193E,372,16.265519843594873,39.208333333333336,-1.0944444444444443,0
8198Y,710,15.05316173038162,38.85055555555556,-1.0630555555555556,4
8203O,855,15.161197437457465,39.08277777777778,-1.100833333333333,4
8210Y,1160,11.274943395526758,40.10305555555556,-1.503611111111111,4
8245Y,815,13.26236829374492,39.714444444444446,-1.4425,4
8270X,305,18.072940974605356,39.13361111111111,-0.79,0
8283X,350,17.760813453265545,38.82944444444445,-0.6077777777777778,0
8293X,88,19.124717218043745,39.001666666666665,-0.5230555555555556,0
8300X,25,18.65259677419355,39.11333333333334,-0.4458333333333333,0
8309X,758,14.777407152682255,39.57555555555556,-1.2447222222222225,4
8325X,12,17.85809239831388,39.18472222222222,-0.3719444444444444,0
8337X,186,17.65205338809035,39.39222222222222,-0.6247222222222223,0
8354X,1130,11.994924326319675,40.41972222222222,-1.4413888888888888,4
8368U,902,13.719160583941607,40.35083333333333,-1.1241666666666668,4
8376,1430,11.311720356408498,40.23611111111112,-1.4116666666666666,4
8381X,705,14.165208825847126,40.06055555555555,-1.283611111111111,4
8395X,515,16.544602032176122,39.75333333333333,-0.9936111111111112,0
8409X,198,17.932544031311156,39.66388888888888,-0.653888888888889,0
8414A,56,18.383659108678657,39.485,-0.4747222222222222,0
8416,11,19.207818608287724,39.480555555555554,-0.3663888888888889,0
8416X,6,18.431676730900893,39.47944444444445,-0.3372222222222222,0
8416Y,11,19.115459883943533,39.480555555555554,-0.3663888888888889,0
8439X,400,15.869443871103798,39.79555555555555,-0.4852777777777778,0
8446Y,24,18.239183021451392,39.700833333333335,-0.2588888888888889,0
8458X,1380,10.751411715128528,40.43055555555555,-0.8494444444444444,4
8472A,601,15.845207355242566,40.08777777777778,-0.5469444444444445,0
8486X,1515,10.929796397807362,40.3625,-0.4544444444444444,4
8489X,1130,12.220636966126657,40.43333333333333,-0.2555555555555555,4
8492X,420,16.3410780669145,40.227222222222224,-0.1697222222222222,0
8500A,43,18.705693430656932,39.95722222222223,-0.0719444444444444,0
8501,23,19.162120082924183,39.98916666666667,-0.0322222222222222,0
8503Y,35,18.43684764795408,40.21138888888889,0.183611111111111,0
8520X,1165,11.437800701672593,40.69361111111111,0.1652777777777777,4
8523X,111,17.646181556195966,40.55416666666667,0.4297222222222222,0
9001D,870,10.153464903585364,42.99194444444444,-4.160555555555556,3
9001S,1650,7.602329455128842,43.03666666666666,-4.374444444444444,5
9012E,915,10.64907343857241,42.95138888888889,-3.957222222222222,3
9016X,770,11.44085910652921,42.80972222222222,-4.032222222222222,3
9019B,720,12.022351108033241,42.80611111111111,-3.933888888888889,3
9027X,1017,10.345913925057308,42.746944444444445,-3.8844444444444446,3
9031C,730,12.182837696756055,42.559444444444445,-3.3088888888888888,4
9051,580,12.911092267343086,42.92,-3.4827777777777778,3
9060X,910,10.779822650902302,42.875277777777775,-3.231666666666667,3
9069C,460,13.950194426441998,42.68722222222222,-2.960555555555556,0
9073X,660,12.325787221033323,42.82972222222222,-2.3597222222222225,3
9091O,513,12.495840933965706,42.88194444444444,-2.735,3
9091R,513,12.59992396593674,42.871944444444445,-2.7327777777777778,3
9111,820,11.924508795256067,42.42111111111111,-3.1702777777777778,4
9115X,1630,7.879002493765586,42.255,-2.968055555555556,5
9121X,465,14.047512551346417,42.57527777777778,-2.854722222222222,0
9122I,612,13.446146830825354,42.60388888888889,-2.7766666666666664,3
9136X,1006,11.073083941605839,42.23083333333334,-2.871111111111111,3
9141V,500,13.945189238486092,42.41388888888888,-2.7266666666666666,0
9145X,575,13.105124378109453,42.56722222222223,-2.6327777777777777,3
9145Y,429,14.479534246575342,42.48277777777778,-2.6394444444444445,0
9170,353,14.785994525547446,42.45222222222223,-2.331111111111111,0
9171K,470,14.486861313868614,42.57027777777778,-2.1838888888888888,0
9178X,570,13.06781981085117,42.67055555555555,-2.3461111111111115,3
9188,855,12.33535175879397,42.14944444444444,-2.273333333333333,4
9195C,2276,4.278471556811787,42.793055555555554,-0.5052777777777778,5
9198X,1197,10.41313269493844,42.74944444444444,-0.5161111111111111,3
9201K,823,12.506812652068128,42.57888888888889,-0.5469444444444445,3
9201X,832,13.113972602739727,42.57972222222222,-0.545,3
9207,860,11.879146141215108,42.74055555555556,-0.7505555555555555,3
9208E,1025,12.679775538250114,42.70861111111111,-0.6727777777777777,3
9211F,722,13.637057356608478,42.51416666666667,-0.8172222222222222,3
9218A,838,11.531675824175824,42.8625,-0.9247222222222222,3
9228J,635,12.391570969223702,42.89611111111111,-1.300277777777778,2
9228T,947,10.250504124656278,43.007777777777775,-1.3255555555555556,2
9238X,612,12.414908675799088,42.7175,-1.1172222222222223,3
9244X,626,13.507209158415842,42.490833333333335,-1.2133333333333334,3
9245X,440,14.579368932038836,42.521388888888886,-1.3663888888888889,0
9252X,390,14.141015430562469,42.48916666666667,-1.6555555555555554,0
9257X,615,12.186914181375531,42.97055555555556,-1.5169444444444444,2
9262,450,14.475745595955347,42.81777777777778,-1.6383333333333332,3
9262P,585,13.060926234054353,42.70111111111111,-1.4955555555555555,3
9263D,459,14.204968701095462,42.776944444444446,-1.65,3
9263X,572,13.286690186016678,42.77611111111111,-1.5325,3
9274X,432,13.454199634814364,42.91888888888889,-1.835,2
9280B,375,14.257358402971215,42.54944444444444,-1.8575,0
9283X,268,14.149715909090908,42.206944444444446,-1.7113888888888888,0
9287A,1096,10.252748361069088,42.02638888888889,-2.230833333333333,4
9293X,371,15.735566642908054,42.17611111111111,-1.743888888888889,0
9294E,295,15.504707534834337,42.19861111111111,-1.475277777777778,0
9299X,475,14.647421832144817,41.915,-1.7233333333333334,0
9301X,410,14.630794205794205,41.95888888888889,-1.6905555555555556,0
9302Y,297,15.548791872597473,42.05555555555555,-1.6094444444444445,0
9321X,321,15.374031746031745,42.12111111111111,-1.1397222222222223,0
9336D,543,14.166464757709251,41.98416666666667,-0.9958333333333332,0
9344C,863,13.591158380317784,41.21638888888889,-2.293055555555556,4
9352A,1000,12.321016483516482,41.57472222222223,-2.140277777777778,4
9354X,703,14.040268790443006,41.293055555555554,-1.8952777777777776,4
9374X,1000,12.713977011494254,40.56666666666667,-1.3208333333333333,4
9377Y,1185,12.124222487424031,40.77861111111111,-1.5683333333333334,4
9381I,884,13.04904184591318,40.92611111111111,-1.2933333333333332,4
9390,774,13.756057494866528,41.114444444444445,-1.41,4
9394X,582,14.795498281786942,41.33111111111111,-1.6452777777777778,0
9427X,370,15.757647462277093,41.48111111111111,-1.3808333333333334,0
9434,249,16.85119780971937,41.660555555555554,-1.0041666666666669,0
9434P,258,16.851962809917357,41.62111111111111,-0.9347222222222222,0
9436X,1255,11.742299794661191,40.99527777777778,-1.0875,4
9445L,1800,8.37794520547945,42.7625,-0.3927777777777778,5
9451F,1850,8.672431077694236,42.70444444444445,-0.2752777777777778,5
9453X,1100,10.633707557502738,42.69916666666666,-0.3188888888888889,3
9460X,775,12.742915811088297,42.51277777777778,-0.3555555555555555,3
9491X,390,14.73944321940463,42.02944444444445,-0.5858333333333333,0
9495Y,405,15.271541095890411,41.79666666666667,-0.6172222222222222,0
9501X,535,14.910224089635856,41.44305555555555,-0.8858333333333333,0
9510X,205,16.530816746739877,41.42916666666667,-0.5038888888888889,0
9513X,800,13.724748858447489,41.03111111111111,-0.8055555555555556,4
9531Y,895,13.078082191780823,40.82861111111112,-0.7927777777777778,4
9546B,305,17.1265306122449,41.17194444444444,-0.4419444444444445,0
9550C,762,14.09870848708487,40.97444444444445,-0.4077777777777778,4
9561X,755,15.077534246575343,40.79833333333333,-0.3152777777777777,4
9562X,990,13.129585253456222,40.62166666666667,-0.1019444444444444,4
9563X,1220,11.823308619091751,40.49861111111111,-0.1866666666666666,4
9569A,466,16.111658986175115,40.946666666666665,-0.2377777777777777,0
9573X,334,14.982405956112853,41.05805555555556,-0.1416666666666666,0
9574B,215,17.6872591006424,41.2425,-0.0686111111111111,0
9576C,357,14.040690978886756,41.52194444444444,-0.1741666666666666,0
9585,1699,8.28766550522648,42.3325,1.9394444444444443,5
9590,1038,11.62886723507917,42.36222222222222,1.6933333333333334,3
9590D,1940,7.774281626325669,42.430277777777775,1.6674999999999998,5
9619,677,12.950788211103497,42.35472222222222,1.4627777777777775,3
9632X,1196,11.158853754940711,42.23027777777778,1.5694444444444444,3
9638D,609,13.577290519748628,42.15444444444445,1.3119444444444446,0
9647X,435,13.477454744925947,41.80583333333333,1.3955555555555554,0
9650X,400,14.494309190505174,41.88138888888889,1.1086111111111112,0
9657X,952,11.253437477219373,42.625,1.126111111111111,3
9660,1907,7.523000470803998,42.58083333333334,1.0075,5
9677,2410,6.499828245878555,42.41,1.2147222222222225,5
9689X,1273,10.975492880613363,42.46638888888889,0.9908333333333332,3
9698U,807,13.919564017660043,42.20472222222222,0.8647222222222222,3
9707,515,15.012584684084358,42.066944444444445,0.9072222222222224,0
9718X,463,15.214537755822159,41.68111111111111,1.2230555555555558,0
9720X,388,15.125309252486337,41.65055555555556,1.1494444444444445,0
9724X,520,14.695384345383864,41.873333333333335,0.7561111111111111,0
9726E,657,12.33105239073029,41.55722222222222,1.3094444444444444,3
9729X,252,16.189453717754173,41.61694444444444,0.8666666666666667,0
9744B,1089,11.298388998035364,42.50333333333333,0.7988888888888889,3
9751,760,13.81919413919414,42.31861111111112,0.7469444444444444,3
9756X,765,13.417911615174031,42.1125,0.48,3
9771C,186,16.399061400078217,41.62611111111112,0.5980555555555556,0
9772X,673,14.989256386861312,41.36611111111111,0.9136111111111112,3
9775X,392,15.773272311212814,41.41361111111111,0.6783333333333333,0
9776D,488,15.550124487601169,41.39333333333333,0.7341666666666666,0
9784P,992,12.015219092331769,42.63,0.2247222222222222,3
9808X,610,14.298331370239497,42.42166666666667,0.1380555555555555,3
9812M,1206,12.391522988505747,42.655277777777776,-0.0991666666666666,3
9814I,1905,7.7175612988734255,42.65611111111111,-0.1244444444444444,5
9814X,1076,13.8305589148005,42.6375,-0.1119444444444444,3
9838B,1120,10.846221613155834,42.59944444444445,0.5205555555555557,3
9839V,2374,4.967019867549669,42.555,0.5430555555555555,5
9843A,825,12.92736193518941,42.47694444444445,0.4341666666666667,3
9855E,600,13.606827073552427,42.20138888888889,0.4661111111111111,0
9866C,305,15.199432485322898,42.021388888888886,0.1405555555555555,0
9894Y,300,15.64938412408759,41.799166666666665,-0.1608333333333333,0
9898,546,14.871368421052631,42.08444444444444,-0.3255555555555555,0
9901X,463,15.52787408759124,42.138888888888886,-0.395,0
9908X,380,15.497503930817611,41.77388888888889,-0.3330555555555555,0
9911X,178,16.14002298850575,41.61944444444445,0.1877777777777777,0
9918Y,218,15.2813184079602,41.78083333333333,0.3769444444444444,0
9924X,170,17.10098630136986,41.52472222222222,0.3555555555555555,0
9935X,483,14.610950721752117,40.873333333333335,0.1463888888888889,0
9946X,495,15.912560492740871,40.95305555555556,0.3116666666666666,0
9947X,370,16.46002747252747,41.17722222222222,0.3533333333333333,0
9961X,363,16.942368708971554,41.24944444444444,0.7352777777777777,0
9975X,112,16.940693604622403,41.005,0.6136111111111111,0
9981A,50,18.9284435604177,40.82027777777778,0.4933333333333333,0
9987P,1,17.604570043032698,40.69916666666666,0.81,0
9988B,2467,3.541275545787889,42.69194444444444,0.9738888888888888,5
9990X,1161,10.667447363471629,42.70027777777778,0.8769444444444445,3
9994X,722,12.002283653846153,42.77611111111111,0.6897222222222222,3
9995Y,334,14.258026755852844,43.09111111111111,-1.3008333333333333,2
9998X,1006,12.098143015521064,40.921388888888885,-1.4944444444444445,4
B013X,490,15.000332778702163,39.82333333333334,2.8858333333333333,2
B051A,5,18.0067843866171,39.79555555555555,2.691388888888889,0
B087X,60,18.52568143100511,39.689166666666665,2.512777777777778,0
B103B,52,17.368972491909386,39.57944444444445,2.368888888888889,0
B158X,50,17.333312538989393,39.55138888888889,2.466388888888889,0
B228,3,19.209351432880844,39.55416666666667,2.625277777777778,0
B236C,95,17.111213235294116,39.64222222222222,2.6438888888888887,0
B248,1030,13.162852822580644,39.735,2.713055555555556,3
B275E,47,19.41672335600907,39.60583333333334,2.706666666666667,0
B278,5,17.306706281833616,39.56083333333333,2.736666666666667,0
B301,113,18.779371859296482,39.37972222222222,2.785,0
B334X,140,18.097615293653924,39.49555555555556,2.8916666666666666,0
B341X,149,18.687872665017462,39.50611111111111,3.0055555555555555,0
B346X,120,18.04210872334233,39.52166666666667,3.0191666666666666,0
B362X,40,17.175205479452053,39.40583333333333,3.0641666666666665,0
B373X,3,17.265503080082137,39.35111111111111,3.0119444444444445,0
B398A,165,18.181942789034565,39.13555555555556,2.936666666666667,0
B410B,45,18.272648941099256,39.34,3.145833333333333,0
B434X,17,18.8221116740457,39.41444444444444,3.2716666666666665,0
B496X,25,18.03065134099617,39.63027777777778,3.383611111111111,0
B526X,110,17.86508515815085,39.68861111111111,3.351111111111112,0
B569X,57,19.749075144508673,39.71666666666667,3.478055555555556,0
B603X,99,18.75661859403275,39.723055555555554,3.278611111111111,0
B605X,2,17.63663017982799,39.79666666666667,3.104722222222222,0
B614E,100,17.759840182648404,39.55694444444444,3.217777777777778,0
B640X,95,18.245543584720863,39.61638888888889,3.121111111111111,0
B644B,120,17.47214463840399,39.64333333333333,3.002222222222222,0
B656A,121,17.5831714527027,39.6525,2.8002777777777776,0
B662X,105,17.874064837905237,39.67805555555555,2.8738888888888887,0
B684A,842,12.874986316365625,39.79277777777778,2.787777777777777,3
B691,40,17.975297303290127,39.748333333333335,3.015277777777778,0
B691Y,32,17.861530218602656,39.74916666666667,3.0166666666666666,0
B760X,45,18.4839596700275,39.87694444444445,3.0241666666666664,0
B780X,2,18.82352067512571,39.909444444444446,3.100277777777778,0
B800X,78,18.829645653069633,39.87611111111112,4.323888888888889,0
B825B,80,18.151651459669893,39.99055555555556,4.086388888888888,0
B860X,20,18.45053257730943,39.99277777777778,3.853888888888889,0
B870C,43,17.424329144589816,39.94472222222222,3.956666666666667,0
B893,91,17.863291634089133,39.85472222222222,4.215555555555556,0
B908X,110,17.435346889952154,39.05611111111111,1.4925000000000002,0
B925,32,18.59295935625249,38.96305555555556,1.321388888888889,0
B954,6,18.459362783424552,38.87638888888889,1.3844444444444444,0
B957,3,18.50757159670459,38.922777777777775,1.4413888888888888,0
B986,24,19.353354593235814,38.69361111111111,1.463611111111111,0
C018J,376,18.99890410958904,28.96972222222222,-13.690277777777778,1
C019V,6,21.13344733242134,28.85888888888889,-13.835,1
C029O,14,21.958111806098515,28.951944444444443,-13.600277777777777,1
C038N,277,19.231550068587108,29.14361111111111,-13.489166666666666,1
C048W,275,18.989072543617997,29.0425,-13.680833333333332,1
C101A,2223,12.123427529626253,28.75583333333333,-17.89527777777778,1
C117A,684,17.28577114427861,28.760555555555555,-17.985555555555557,1
C117Z,733,17.65536194827765,28.674722222222226,-17.936666666666667,1
C126A,844,16.61397357723577,28.653888888888886,-17.853055555555557,1
C129V,19,21.803745600804426,28.455,-17.84111111111111,1
C129Z,62,22.01784618845192,28.59583333333333,-17.915277777777778,1
C139E,33,21.043194352728595,28.63305555555556,-17.755,1
C148F,362,18.410188261351053,28.804722222222225,-17.78222222222222,1
C229J,15,22.208049738219895,28.049166666666668,-14.358055555555556,1
C239N,1,21.802721088435373,28.20861111111111,-14.023055555555556,1
C248E,252,19.87482887367766,28.416944444444447,-14.019166666666669,1
C249I,25,21.403934652554074,28.44472222222222,-13.863055555555556,1
C258K,217,19.707070063694268,28.6125,-13.931666666666668,1
C314Z,1474,14.083290949954634,28.106944444444444,-17.249166666666667,1
C316I,916,16.90222912516688,28.12833333333333,-17.315,1
C317B,765,16.64385106382979,28.17888888888889,-17.213055555555556,1
C319W,190,21.27706338349293,28.054166666666667,-17.30638888888889,1
C328W,252,19.215538033395173,28.16361111111111,-17.194166666666668,1
C329B,219,21.19803503787879,28.031666666666663,-17.210833333333333,1
C329Z,15,22.19343415913879,28.08972222222222,-17.11138888888889,1
C406G,2150,12.787704472953182,28.224166666666665,-16.62611111111111,1
C412N,2071,14.607711693548387,28.21972222222222,-16.705277777777777,1
C415A,990,16.35150254276468,28.30527777777778,-16.805555555555557,1
C417J,735,17.577348449791764,28.23333333333333,-16.789166666666667,1
C418I,476,19.52313467855467,28.21444444444444,-16.789722222222224,1
C418L,700,19.110791826309068,28.200277777777774,-16.763055555555557,1
C419L,403,20.511892362070743,28.20694444444444,-16.791944444444447,1
C419X,130,21.739443684450524,28.08138888888889,-16.710555555555555,1
C422A,1833,14.558591940713294,28.17194444444445,-16.65138888888889,1
C423R,1654,15.227590194264572,28.224166666666665,-16.52111111111111,1
C426E,1258,15.309818941504178,28.144166666666667,-16.628055555555555,1
C426I,880,17.21050884955752,28.126944444444444,-16.605833333333333,1
C426R,930,17.34582366589327,28.216944444444444,-16.490555555555556,1
C428T,418,19.398495212038302,28.180833333333336,-16.48333333333333,1
C428U,135,21.16321287408244,28.13111111111111,-16.472499999999997,1
C429I,64,22.398283582089554,28.04694444444445,-16.561111111111114,1
C430E,2369,11.043958048335615,28.308333333333334,-16.499722222222225,1
C436I,290,20.273622047244096,28.32638888888889,-16.405555555555555,1
C436L,525,19.528067700987304,28.370555555555555,-16.3975,1
C437E,500,19.217207074428888,28.26972222222222,-16.419722222222223,1
C438N,463,18.844163246694027,28.359166666666667,-16.401666666666664,1
C439J,115,20.51433458775231,28.31833333333333,-16.38222222222222,1
C446G,868,16.311463331048664,28.52638888888889,-16.280277777777776,1
C447A,632,17.5025538124772,28.4775,-16.329444444444444,1
C448C,136,21.196954496596202,28.4625,-16.273333333333333,1
C449C,36,22.386281217926786,28.46333333333333,-16.255277777777778,1
C449F,19,21.9978411618623,28.508055555555558,-16.195555555555554,1
C449Q,305,18.49765987025023,28.56,-16.228055555555553,1
C453I,1744,12.624530563324011,28.39472222222222,-16.433333333333334,1
C455M,1065,13.826430842607314,28.361666666666668,-16.496944444444445,1
C456E,922,15.08060368921185,28.453888888888887,-16.40861111111111,1
C456P,906,14.6587890625,28.36138888888889,-16.546666666666667,1
C456R,551,17.16021146355036,28.372777777777777,-16.541944444444447,1
C457E,650,15.883697674418602,28.449444444444445,-16.438055555555557,1
C457I,567,17.055745554035568,28.434444444444445,-16.454444444444444,1
C458A,310,19.276734897653522,28.49638888888889,-16.42,1
C458U,595,16.2595676369863,28.36861111111111,-16.578055555555554,1
C459Z,25,21.627486187845303,28.41805555555556,-16.548333333333336,1
C466O,878,15.181984989373037,28.339166666666664,-16.794444444444448,1
C467I,525,16.48199233716475,28.35333333333333,-16.708333333333332,1
C468I,218,19.445473441108543,28.36694444444445,-16.72222222222222,1
C468O,450,18.051655913978493,28.356944444444444,-16.80138888888889,1
C468X,667,16.154491255961844,28.37305555555556,-16.625833333333333,1
C611E,1702,13.679392405063291,27.976666666666667,-15.58388888888889,1
C612F,1514,14.208014112903227,28.006944444444443,-15.59888888888889,1
C614H,1060,19.18076923076923,27.995,-15.615833333333333,1
C619I,10,20.55801941126792,28.000833333333333,-15.81388888888889,1
C619X,5,21.803877965614227,28.101111111111116,-15.712777777777776,1
C619Y,13,21.551921434671222,28.00111111111111,-15.8075,1
C623I,1220,17.775138339920947,27.92666666666667,-15.599722222222224,1
C625O,806,19.806911447084232,27.856944444444444,-15.645,1
C628B,318,22.005972696245735,27.90888888888889,-15.77,1
C629Q,10,21.603350413874654,27.78,-15.71111111111111,1
C629X,10,21.97368129841387,27.81638888888889,-15.764166666666666,1
C635B,960,19.363282247765007,27.92,-15.574166666666668,1
C639M,45,22.429606931530007,27.758055555555558,-15.575555555555557,1
C639U,41,21.89502739148757,27.8125,-15.453055555555554,1
C648C,306,21.380563213863727,27.9025,-15.453888888888889,1
C648N,344,19.925088339222615,27.9875,-15.457777777777777,1
C649I,24,22.05819708095046,27.91777777777778,-15.395277777777777,1
C649R,9,21.241275192950667,27.986666666666668,-15.377777777777778,1
C656V,683,16.92903861308117,28.075277777777774,-15.547222222222222,1
C658L,269,19.58882803943045,28.075,-15.450833333333332,1
C658X,269,19.150274254370927,28.078055555555554,-15.453333333333331,1
C659H,55,21.381393240404922,28.08972222222222,-15.416111111111112,1
C659M,15,21.733451029205344,28.11305555555556,-15.421388888888888,1
C665T,900,16.842144540455617,28.065555555555555,-15.565555555555555,1
C668V,352,19.85719314040798,28.094444444444445,-15.675,1
C669B,86,20.772700228832953,28.141666666666666,-15.506666666666666,1
C689E,6,21.704475790537543,27.735833333333336,-15.595833333333331,1
C839X,19,21.27794326241135,29.22972222222222,-13.510277777777778,1
C916Q,948,16.718712575345776,27.718888888888888,-17.978055555555553,1
C917E,713,18.145460164160053,27.725277777777777,-18.115,1
C919K,98,21.776340330503405,27.665277777777774,-18.01861111111111,1
C925F,1070,14.565010570824525,27.76888888888889,-17.960277777777776,1
C928I,670,16.984466019417475,27.81083333333333,-17.919444444444444,1
C929I,32,21.72768052516411,27.81888888888889,-17.88888888888889,1
C939T,20,21.605517555859553,27.75638888888889,-18.1075,1
